tag,hash,date,message,author,path,builds
"v1.3.2","8f08f43","Wed Jun 13 23:55:23 2018 +0200","Merge branch 'master' into development","Adrien Cassagne","https://github.com/aff3ct/resources/raw/master/aff3ct_builds/","aff3ct_development_linux_gcc_sse4_2_8f08f43.zip;aff3ct_development_linux_gcc_avx2_8f08f43.zip;aff3ct_development_windows_gcc_sse4_2_8f08f43.zip;aff3ct_development_macos_clang_sse4_2_8f08f43.zip"
"v1.3.2","8654ee9","Thu Jun 14 14:58:59 2018 +0200","Fix the terminal display when calling 'legend()' multiple times.","Adrien Cassagne","https://github.com/aff3ct/resources/raw/master/aff3ct_builds/","aff3ct_development_linux_gcc_sse4_2_8654ee9.zip;aff3ct_development_linux_gcc_avx2_8654ee9.zip;aff3ct_development_windows_gcc_sse4_2_8654ee9.zip;aff3ct_development_macos_clang_sse4_2_8654ee9.zip"
"v1.3.2","a6e13ed","Thu Jun 14 15:19:48 2018 +0200","Fix a bug in alignment control.","Adrien Cassagne","https://github.com/aff3ct/resources/raw/master/aff3ct_builds/","aff3ct_development_linux_gcc_sse4_2_a6e13ed.zip;aff3ct_development_linux_gcc_avx2_a6e13ed.zip;aff3ct_development_windows_gcc_sse4_2_a6e13ed.zip;aff3ct_development_macos_clang_sse4_2_a6e13ed.zip"
"v1.3.2","13badaa","Thu Jun 14 17:49:40 2018 +0200","Merge branch 'master' into development","Adrien Cassagne","https://github.com/aff3ct/resources/raw/master/aff3ct_builds/","aff3ct_development_linux_gcc_sse4_2_13badaa.zip;aff3ct_development_linux_gcc_avx2_13badaa.zip;aff3ct_development_windows_gcc_sse4_2_13badaa.zip;aff3ct_development_macos_clang_sse4_2_13badaa.zip"
"v1.3.2","527d5b7","Fri Jun 15 18:08:44 2018 +0200","Force the 'GIT_BRANCH' value to 'development'.","Adrien Cassagne","https://github.com/aff3ct/resources/raw/master/aff3ct_builds/","aff3ct_development_linux_gcc_sse4_2_527d5b7.zip;aff3ct_development_linux_gcc_avx2_527d5b7.zip;aff3ct_development_windows_gcc_sse4_2_527d5b7.zip;aff3ct_development_macos_clang_sse4_2_527d5b7.zip"
"v1.3.2","4c44a67","Fri Jun 15 21:32:50 2018 +0200","Up. MIPP.","Adrien Cassagne","https://github.com/aff3ct/resources/raw/master/aff3ct_builds/","aff3ct_development_linux_gcc_sse4_2_4c44a67.zip;aff3ct_development_linux_gcc_avx2_4c44a67.zip;aff3ct_development_windows_gcc_sse4_2_4c44a67.zip;aff3ct_development_macos_clang_sse4_2_4c44a67.zip"
"v1.3.2","8d71ad2","Mon Jun 18 11:38:02 2018 +0200","Fix the Polar ASCL decoder in partial adaptive mode.","Adrien Cassagne","https://github.com/aff3ct/resources/raw/master/aff3ct_builds/","aff3ct_development_linux_gcc_sse4_2_8d71ad2.zip;aff3ct_development_linux_gcc_avx2_8d71ad2.zip;aff3ct_development_windows_gcc_sse4_2_8d71ad2.zip;aff3ct_development_macos_clang_sse4_2_8d71ad2.zip"
"v1.3.2","d2a292d","Mon Jun 18 18:00:24 2018 +0200","Add new Polar code references to the regression tests.","Adrien Cassagne","https://github.com/aff3ct/resources/raw/master/aff3ct_builds/","aff3ct_development_linux_gcc_sse4_2_d2a292d.zip;aff3ct_development_linux_gcc_avx2_d2a292d.zip;aff3ct_development_windows_gcc_sse4_2_d2a292d.zip;aff3ct_development_macos_clang_sse4_2_d2a292d.zip"
"v1.3.2","8155a7f","Thu Jun 21 14:56:38 2018 +0200","CI: try to fix thread.bat script inclusion (again).","Adrien Cassagne","https://github.com/aff3ct/resources/raw/master/aff3ct_builds/","aff3ct_development_linux_gcc_sse4_2_8155a7f.zip;aff3ct_development_linux_gcc_avx2_8155a7f.zip;aff3ct_development_windows_gcc_sse4_2_8155a7f.zip;aff3ct_development_macos_clang_sse4_2_8155a7f.zip"
"v1.3.2","59f0965","Thu Jun 21 19:13:07 2018 +0200","CI: put back devenv instead of msbuild for MSVC builds.","Adrien Cassagne","https://github.com/aff3ct/resources/raw/master/aff3ct_builds/","aff3ct_development_linux_gcc_sse4_2_59f0965.zip;aff3ct_development_linux_gcc_avx2_59f0965.zip;aff3ct_development_windows_gcc_sse4_2_59f0965.zip;aff3ct_development_macos_clang_sse4_2_59f0965.zip"
"v1.3.2","67f81c0","Fri Jun 22 10:50:42 2018 +0200","Up. MIPP.","Adrien Cassagne","https://github.com/aff3ct/resources/raw/master/aff3ct_builds/","aff3ct_development_linux_gcc_sse4_2_67f81c0.zip;aff3ct_development_linux_gcc_avx2_67f81c0.zip;aff3ct_development_windows_gcc_sse4_2_67f81c0.zip;aff3ct_development_macos_clang_sse4_2_67f81c0.zip"
"v1.3.2","1767ca2","Tue Jun 26 14:49:35 2018 +0200","Unlock the 64-bit computations on 32-bit CPUs.","Adrien Cassagne","https://github.com/aff3ct/resources/raw/master/aff3ct_builds/","aff3ct_development_linux_gcc_sse4_2_1767ca2.zip;aff3ct_development_linux_gcc_avx2_1767ca2.zip;aff3ct_development_windows_gcc_sse4_2_1767ca2.zip;aff3ct_development_macos_clang_sse4_2_1767ca2.zip"
"v1.3.2","efbf009","Tue Jun 26 15:36:41 2018 +0200","CI: force the 32-bit build on 32-bit Windows with MinGW.","Adrien Cassagne","https://github.com/aff3ct/resources/raw/master/aff3ct_builds/","aff3ct_development_linux_gcc_x64_sse4_2_efbf009.zip;aff3ct_development_linux_gcc_x64_avx2_efbf009.zip;aff3ct_development_windows_gcc_x86_sse4_2_efbf009.zip;aff3ct_development_windows_gcc_x64_avx2_efbf009.zip;aff3ct_development_macos_clang_x64_sse4_2_efbf009.zip"
"v1.3.2","6b39f95","Wed Jun 27 23:16:04 2018 +0200","Merge branch 'master' into development","Adrien Cassagne","https://github.com/aff3ct/resources/raw/master/aff3ct_builds/","aff3ct_development_linux_gcc_x64_sse4_2_6b39f95.zip;aff3ct_development_linux_gcc_x64_avx2_6b39f95.zip;aff3ct_development_windows_gcc_x86_sse4_2_6b39f95.zip;aff3ct_development_windows_gcc_x64_avx2_6b39f95.zip;aff3ct_development_macos_clang_x64_sse4_2_6b39f95.zip"
"v1.3.2","b0222d2","Fri Jun 29 08:38:52 2018 +0200","Merge branch 'master' into development","Adrien Cassagne","https://github.com/aff3ct/resources/raw/master/aff3ct_builds/","aff3ct_development_linux_gcc_x64_sse4_2_b0222d2.zip;aff3ct_development_linux_gcc_x64_avx2_b0222d2.zip;aff3ct_development_windows_gcc_x86_sse4_2_b0222d2.zip;aff3ct_development_windows_gcc_x64_avx2_b0222d2.zip;aff3ct_development_macos_clang_x64_sse4_2_b0222d2.zip"
"v1.3.2","7f75efb","Fri Jun 29 14:16:23 2018 +0200","Merge branch 'master' into development","Adrien Cassagne","https://github.com/aff3ct/resources/raw/master/aff3ct_builds/","aff3ct_development_linux_gcc_x64_sse4_2_7f75efb.zip;aff3ct_development_linux_gcc_x64_avx2_7f75efb.zip;aff3ct_development_windows_gcc_x86_sse4_2_7f75efb.zip;aff3ct_development_windows_gcc_x64_avx2_7f75efb.zip;aff3ct_development_macos_clang_x64_sse4_2_7f75efb.zip"
"v1.3.2","ecdf18a","Mon Jul 2 11:19:10 2018 +0200","Enable legacy LDPC SIMD inter decoder when the aligned new is supported.","Adrien Cassagne","https://github.com/aff3ct/resources/raw/master/aff3ct_builds/","aff3ct_development_linux_gcc_x64_sse4_2_ecdf18a.zip;aff3ct_development_linux_gcc_x64_avx2_ecdf18a.zip;aff3ct_development_windows_gcc_x86_sse4_2_ecdf18a.zip;aff3ct_development_windows_gcc_x64_avx2_ecdf18a.zip;aff3ct_development_macos_clang_x64_sse4_2_ecdf18a.zip"
"v1.3.2","d3dc0e6","Mon Jul 2 14:35:33 2018 +0200","Complete the name change of the monitor N argument. Change this name in the launchers.","Olivier HARTMANN","https://github.com/aff3ct/resources/raw/master/aff3ct_builds/","aff3ct_development_linux_gcc_x64_sse4_2_d3dc0e6.zip;aff3ct_development_linux_gcc_x64_avx2_d3dc0e6.zip;aff3ct_development_windows_gcc_x86_sse4_2_d3dc0e6.zip;aff3ct_development_windows_gcc_x64_avx2_d3dc0e6.zip;aff3ct_development_macos_clang_x64_sse4_2_d3dc0e6.zip"
"v1.3.2","21773c9","Fri Jul 6 13:11:07 2018 +0200","Fix the Frame trace when there are several lines.","Olivier HARTMANN","https://github.com/aff3ct/resources/raw/master/aff3ct_builds/","aff3ct_development_linux_gcc_x64_sse4_2_21773c9.zip;aff3ct_development_linux_gcc_x64_avx2_21773c9.zip;aff3ct_development_windows_gcc_x86_sse4_2_21773c9.zip;aff3ct_development_windows_gcc_x64_avx2_21773c9.zip;aff3ct_development_macos_clang_x64_sse4_2_21773c9.zip"
"v1.3.2","6350540","Sat Jul 7 15:52:28 2018 +0200","Split regression tests following the codes.","Olivier HARTMANN","https://github.com/aff3ct/resources/raw/master/aff3ct_builds/","aff3ct_development_linux_gcc_x64_sse4_2_6350540.zip;aff3ct_development_linux_gcc_x64_avx2_6350540.zip;aff3ct_development_windows_gcc_x86_sse4_2_6350540.zip;aff3ct_development_windows_gcc_x64_avx2_6350540.zip;aff3ct_development_macos_clang_x64_sse4_2_6350540.zip"
"v1.3.2","89c7d08","Mon Jul 9 11:04:49 2018 +0200","Fix poncturer LDPC pattern display","Olivier HARTMANN","https://github.com/aff3ct/resources/raw/master/aff3ct_builds/","aff3ct_development_linux_gcc_x64_sse4_2_89c7d08.zip;aff3ct_development_linux_gcc_x64_avx2_89c7d08.zip;aff3ct_development_windows_gcc_x86_sse4_2_89c7d08.zip;aff3ct_development_windows_gcc_x64_avx2_89c7d08.zip;aff3ct_development_macos_clang_x64_sse4_2_89c7d08.zip"
"v1.3.2","72e311d","Tue Jul 10 16:56:48 2018 +0200","Add the minFE argument to do not take into account the noise points with not enough wrong frames.","Olivier HARTMANN","https://github.com/aff3ct/resources/raw/master/aff3ct_builds/","aff3ct_development_linux_gcc_x64_sse4_2_72e311d.zip;aff3ct_development_linux_gcc_x64_avx2_72e311d.zip;aff3ct_development_windows_gcc_x86_sse4_2_72e311d.zip;aff3ct_development_windows_gcc_x64_avx2_72e311d.zip;aff3ct_development_macos_clang_x64_sse4_2_72e311d.zip"
"v1.3.2","39f45d4","Wed Jul 11 08:26:07 2018 +0200","Merge branch 'development' into fix_codec_clone","Olivier HARTMANN","https://github.com/aff3ct/resources/raw/master/aff3ct_builds/","aff3ct_development_linux_gcc_x64_sse4_2_39f45d4.zip;aff3ct_development_linux_gcc_x64_avx2_39f45d4.zip;aff3ct_development_windows_gcc_x86_sse4_2_39f45d4.zip;aff3ct_development_windows_gcc_x64_avx2_39f45d4.zip;aff3ct_development_macos_clang_x64_sse4_2_39f45d4.zip"
"v1.3.2","d16f905","Wed Jul 11 11:03:29 2018 +0200","Add start-idx argument in source and encoder factories","Olivier HARTMANN","https://github.com/aff3ct/resources/raw/master/aff3ct_builds/","aff3ct_development_linux_gcc_x64_sse4_2_d16f905.zip;aff3ct_development_linux_gcc_x64_avx2_d16f905.zip;aff3ct_development_windows_gcc_x86_sse4_2_d16f905.zip;aff3ct_development_windows_gcc_x64_avx2_d16f905.zip;aff3ct_development_macos_clang_x64_sse4_2_d16f905.zip"
"v1.3.2","1176ced","Thu Jul 12 12:11:17 2018 +0200","Add LDPC peeling and LDPC IRA encoder references","Olivier HARTMANN","https://github.com/aff3ct/resources/raw/master/aff3ct_builds/","aff3ct_development_linux_gcc_x64_sse4_2_1176ced.zip;aff3ct_development_linux_gcc_x64_avx2_1176ced.zip;aff3ct_development_windows_gcc_x86_sse4_2_1176ced.zip;aff3ct_development_windows_gcc_x64_avx2_1176ced.zip;aff3ct_development_macos_clang_x64_sse4_2_1176ced.zip"
"v1.3.2","a5bd556","Fri Jul 20 17:17:55 2018 +0200","Fix MPI com: Replace the bool allreduce type in Monitor reduction MPI_LAND by a int MPI_SUM of the number of process that are at the last reduction point.","Olivier HARTMANN","https://github.com/aff3ct/resources/raw/master/aff3ct_builds/","aff3ct_development_linux_gcc_x64_sse4_2_a5bd556.zip;aff3ct_development_linux_gcc_x64_avx2_a5bd556.zip;aff3ct_development_windows_gcc_x86_sse4_2_a5bd556.zip;aff3ct_development_windows_gcc_x64_avx2_a5bd556.zip;aff3ct_development_macos_clang_x64_sse4_2_a5bd556.zip"
"v1.3.2","20ce0c8","Thu Aug 2 11:24:26 2018 +0200","Merge branch 'development' of gitlab.inria.fr:fec/aff3ct into development","Olivier HARTMANN","https://github.com/aff3ct/resources/raw/master/aff3ct_builds/","aff3ct_development_linux_gcc_x64_sse4_2_20ce0c8.zip;aff3ct_development_linux_gcc_x64_avx2_20ce0c8.zip;aff3ct_development_windows_gcc_x86_sse4_2_20ce0c8.zip;aff3ct_development_windows_gcc_x64_avx2_20ce0c8.zip;aff3ct_development_macos_clang_x64_sse4_2_20ce0c8.zip"
"v1.3.2","576f624","Fri Aug 3 14:05:41 2018 +0200","Rm the '--sim-no-colors' argument.","Adrien Cassagne","https://github.com/aff3ct/resources/raw/master/aff3ct_builds/","aff3ct_development_linux_gcc_x64_sse4_2_576f624.zip;aff3ct_development_linux_gcc_x64_avx2_576f624.zip;aff3ct_development_windows_gcc_x86_sse4_2_576f624.zip;aff3ct_development_windows_gcc_x64_avx2_576f624.zip;aff3ct_development_macos_clang_x64_sse4_2_576f624.zip"
"v1.3.2","02cb35e","Fri Aug 3 13:26:49 2018 +0200","Merge branch 'development' of gitlab.inria.fr:fec/aff3ct into development","Adrien Cassagne","https://github.com/aff3ct/resources/raw/master/aff3ct_builds/","aff3ct_development_linux_gcc_x64_sse4_2_02cb35e.zip;aff3ct_development_linux_gcc_x64_avx2_02cb35e.zip;aff3ct_development_windows_gcc_x86_sse4_2_02cb35e.zip;aff3ct_development_windows_gcc_x64_avx2_02cb35e.zip;aff3ct_development_macos_clang_x64_sse4_2_02cb35e.zip"
"v1.3.2","e541f43","Mon Aug 6 10:13:33 2018 +0200","Regen AFF3CT header file.","Adrien Cassagne","https://github.com/aff3ct/resources/raw/master/aff3ct_builds/","aff3ct_development_linux_gcc_x64_sse4_2_e541f43.zip;aff3ct_development_linux_gcc_x64_avx2_e541f43.zip;aff3ct_development_windows_gcc_x86_sse4_2_e541f43.zip;aff3ct_development_windows_gcc_x64_avx2_e541f43.zip;aff3ct_development_macos_clang_x64_sse4_2_e541f43.zip"
"v1.3.2","ff6f801","Mon Aug 6 15:59:04 2018 +0200","Manage correctly the remove of sim-meta to work whatever the compiler","Olivier HARTMANN","https://github.com/aff3ct/resources/raw/master/aff3ct_builds/","aff3ct_development_linux_gcc_x64_sse4_2_ff6f801.zip;aff3ct_development_linux_gcc_x64_avx2_ff6f801.zip;aff3ct_development_windows_gcc_x86_sse4_2_ff6f801.zip;aff3ct_development_windows_gcc_x64_avx2_ff6f801.zip;aff3ct_development_macos_clang_x64_sse4_2_ff6f801.zip"
"v1.3.2","6ee594a","Tue Aug 7 12:35:19 2018 +0200","Merge branch 'test_regression_with_reader' into refacto_monitor","Olivier HARTMANN","https://github.com/aff3ct/resources/raw/master/aff3ct_builds/","aff3ct_development_linux_gcc_x64_sse4_2_6ee594a.zip;aff3ct_development_linux_gcc_x64_avx2_6ee594a.zip;aff3ct_development_windows_gcc_x86_sse4_2_6ee594a.zip;aff3ct_development_windows_gcc_x64_avx2_6ee594a.zip;aff3ct_development_macos_clang_x64_sse4_2_6ee594a.zip"
"v1.3.2","6615548","Wed Aug 8 13:56:56 2018 +0200","Change wangliu to shortlast. Add refs.","Mathieu Léonardon","https://github.com/aff3ct/resources/raw/master/aff3ct_builds/","aff3ct_development_linux_gcc_x64_sse4_2_6615548.zip;aff3ct_development_linux_gcc_x64_avx2_6615548.zip;aff3ct_development_windows_gcc_x86_sse4_2_6615548.zip;aff3ct_development_windows_gcc_x64_avx2_6615548.zip;aff3ct_development_macos_clang_x64_sse4_2_6615548.zip"
"v1.3.2","ea800d3","Thu Aug 9 10:05:33 2018 +0200","Put back regex if the compiler support it.","Adrien Cassagne","https://github.com/aff3ct/resources/raw/master/aff3ct_builds/","aff3ct_development_linux_gcc_x64_sse4_2_ea800d3.zip;aff3ct_development_linux_gcc_x64_avx2_ea800d3.zip;aff3ct_development_windows_gcc_x86_sse4_2_ea800d3.zip;aff3ct_development_windows_gcc_x64_avx2_ea800d3.zip;aff3ct_development_macos_clang_x64_sse4_2_ea800d3.zip"
"v1.3.2","b920f03","Fri Aug 10 15:08:00 2018 +0200","Update aff3ct.hpp","Olivier HARTMANN","https://github.com/aff3ct/resources/raw/master/aff3ct_builds/","aff3ct_development_linux_gcc_x64_sse4_2_b920f03.zip;aff3ct_development_linux_gcc_x64_avx2_b920f03.zip;aff3ct_development_windows_gcc_x86_sse4_2_b920f03.zip;aff3ct_development_windows_gcc_x64_avx2_b920f03.zip;aff3ct_development_macos_clang_x64_sse4_2_b920f03.zip"
"v1.3.2","1a48b80","Tue Aug 14 09:07:10 2018 +0200","Improve the carrier return character management.","Adrien Cassagne","https://github.com/aff3ct/resources/raw/master/aff3ct_builds/","aff3ct_development_linux_gcc_x64_sse4_2_1a48b80.zip;aff3ct_development_linux_gcc_x64_avx2_1a48b80.zip;aff3ct_development_windows_gcc_x86_sse4_2_1a48b80.zip;aff3ct_development_windows_gcc_x64_avx2_1a48b80.zip;aff3ct_development_macos_clang_x64_sse4_2_1a48b80.zip"
"v1.3.2","e3c2a71","Mon Aug 20 18:50:06 2018 +0200","read info bits positions at the end of the file in encoder USER, Adapt Codec LDPC to handle this","Olivier HARTMANN","https://github.com/aff3ct/resources/raw/master/aff3ct_builds/","aff3ct_development_linux_gcc_x64_sse4_2_e3c2a71.zip;aff3ct_development_linux_gcc_x64_avx2_e3c2a71.zip;aff3ct_development_windows_gcc_x86_sse4_2_e3c2a71.zip;aff3ct_development_windows_gcc_x64_avx2_e3c2a71.zip;aff3ct_development_macos_clang_x64_sse4_2_e3c2a71.zip"
"v1.3.2","04438e4","Wed Aug 22 10:50:15 2018 +0200","Fix the Monitor MPI reduction by setting correctly the virtual method signature","Olivier HARTMANN","https://github.com/aff3ct/resources/raw/master/aff3ct_builds/","aff3ct_development_linux_gcc_x64_sse4_2_04438e4.zip;aff3ct_development_linux_gcc_x64_avx2_04438e4.zip;aff3ct_development_windows_gcc_x86_sse4_2_04438e4.zip;aff3ct_development_windows_gcc_x64_avx2_04438e4.zip;aff3ct_development_macos_clang_x64_sse4_2_04438e4.zip"
"v1.3.2","18c5b2f","Fri Aug 24 08:48:35 2018 +0200","Fix tests regressions by checking correctly the noise type between EBN0 and ESN0","Olivier HARTMANN","https://github.com/aff3ct/resources/raw/master/aff3ct_builds/","aff3ct_development_linux_gcc_x64_sse4_2_18c5b2f.zip;aff3ct_development_linux_gcc_x64_avx2_18c5b2f.zip;aff3ct_development_windows_gcc_x86_sse4_2_18c5b2f.zip;aff3ct_development_windows_gcc_x64_avx2_18c5b2f.zip;aff3ct_development_macos_clang_x64_sse4_2_18c5b2f.zip"
"v1.3.2","f7b8be3","Fri Aug 24 08:49:12 2018 +0200","Merge branch 'development' into TPC_user_beta","Olivier HARTMANN","https://github.com/aff3ct/resources/raw/master/aff3ct_builds/","aff3ct_development_linux_gcc_x64_sse4_2_f7b8be3.zip;aff3ct_development_linux_gcc_x64_avx2_f7b8be3.zip;aff3ct_development_windows_gcc_x86_sse4_2_f7b8be3.zip;aff3ct_development_windows_gcc_x64_avx2_f7b8be3.zip;aff3ct_development_macos_clang_x64_sse4_2_f7b8be3.zip"
"v1.3.2","d91a0c1","Fri Aug 24 16:49:12 2018 +0200","Merge branch 'development' into method_activation_hist","Olivier HARTMANN","https://github.com/aff3ct/resources/raw/master/aff3ct_builds/","aff3ct_development_linux_gcc_x64_sse4_2_d91a0c1.zip;aff3ct_development_linux_gcc_x64_avx2_d91a0c1.zip;aff3ct_development_windows_gcc_x86_sse4_2_d91a0c1.zip;aff3ct_development_windows_gcc_x64_avx2_d91a0c1.zip;aff3ct_development_macos_clang_x64_sse4_2_d91a0c1.zip"
"v1.3.2","eaae3a3","Wed Aug 29 11:50:52 2018 +0200","Add reference with the use of G build method 'LU_DEC'","Olivier HARTMANN","https://github.com/aff3ct/resources/raw/master/aff3ct_builds/","aff3ct_development_linux_gcc_x64_sse4_2_eaae3a3.zip;aff3ct_development_linux_gcc_x64_avx2_eaae3a3.zip;aff3ct_development_windows_gcc_x86_sse4_2_eaae3a3.zip;aff3ct_development_windows_gcc_x64_avx2_eaae3a3.zip;aff3ct_development_macos_clang_x64_sse4_2_eaae3a3.zip"
"v1.3.2","60a1e8a","Fri Sep 7 15:47:19 2018 +0200","Fix conf","Vincent PIGNOLY","https://github.com/aff3ct/resources/raw/master/aff3ct_builds/","aff3ct_development_linux_gcc_x64_sse4_2_60a1e8a.zip;aff3ct_development_linux_gcc_x64_avx2_60a1e8a.zip;aff3ct_development_windows_gcc_x86_sse4_2_60a1e8a.zip;aff3ct_development_windows_gcc_x64_avx2_60a1e8a.zip;aff3ct_development_macos_clang_x64_sse4_2_60a1e8a.zip"
"v1.3.2","3698ff2","Tue Sep 11 10:47:39 2018 +0200","Merge developement into add_refs_readers","Olivier HARTMANN","https://github.com/aff3ct/resources/raw/master/aff3ct_builds/","aff3ct_development_linux_gcc_x64_sse4_2_3698ff2.zip;aff3ct_development_linux_gcc_x64_avx2_3698ff2.zip;aff3ct_development_windows_gcc_x86_sse4_2_3698ff2.zip;aff3ct_development_windows_gcc_x64_avx2_3698ff2.zip;aff3ct_development_macos_clang_x64_sse4_2_3698ff2.zip"
"v1.3.2","a7d54fa","Thu Sep 13 12:58:23 2018 +0200","fix if statement with double bracket [[ ]]","Olivier HARTMANN","https://github.com/aff3ct/resources/raw/master/aff3ct_builds/","aff3ct_development_linux_gcc_x64_sse4_2_a7d54fa.zip;aff3ct_development_linux_gcc_x64_avx2_a7d54fa.zip;aff3ct_development_windows_gcc_x86_sse4_2_a7d54fa.zip;aff3ct_development_windows_gcc_x64_avx2_a7d54fa.zip;aff3ct_development_macos_clang_x64_sse4_2_a7d54fa.zip"
"v1.3.2","dcd4da8","Tue Sep 18 08:13:08 2018 +0200","Create a function to transform an initialization list of pointers to a vector of unique_ptr in pattern polar parser.","Olivier HARTMANN","https://github.com/aff3ct/resources/raw/master/aff3ct_builds/","aff3ct_development_linux_gcc_x64_sse4_2_dcd4da8.zip;aff3ct_development_linux_gcc_x64_avx2_dcd4da8.zip;aff3ct_development_windows_gcc_x86_sse4_2_dcd4da8.zip;aff3ct_development_windows_gcc_x64_avx2_dcd4da8.zip;aff3ct_development_macos_clang_x64_sse4_2_dcd4da8.zip"
"v1.3.2","37a3f30","Tue Oct 9 16:01:11 2018 +0200","Cosmetics.","Adrien Cassagne","https://github.com/aff3ct/resources/raw/master/aff3ct_builds/","aff3ct_development_linux_gcc_x64_sse4_2_37a3f30.zip;aff3ct_development_linux_gcc_x64_avx2_37a3f30.zip;aff3ct_development_windows_gcc_x86_sse4_2_37a3f30.zip;aff3ct_development_windows_gcc_x64_avx2_37a3f30.zip;aff3ct_development_macos_clang_x64_sse4_2_37a3f30.zip"
"v1.3.2","4fc9656","Wed Oct 24 18:48:48 2018 +0200","Add a read order from any of the 4 corners for ROW_COL and COL_ROW interleavers.","Olivier HARTMANN","https://github.com/aff3ct/resources/raw/master/aff3ct_builds/","aff3ct_development_linux_gcc_x64_sse4_2_4fc9656.zip;aff3ct_development_linux_gcc_x64_avx2_4fc9656.zip;aff3ct_development_windows_gcc_x86_sse4_2_4fc9656.zip;aff3ct_development_windows_gcc_x64_avx2_4fc9656.zip;aff3ct_development_macos_clang_x64_sse4_2_4fc9656.zip"
"v1.3.2","3aa1a47","Tue Oct 30 08:46:08 2018 +0100","Fix sparse matrix self_resize function. Thanks to Elie Janin.","Olivier HARTMANN","https://github.com/aff3ct/resources/raw/master/aff3ct_builds/","aff3ct_development_linux_gcc_x64_sse4_2_3aa1a47.zip;aff3ct_development_linux_gcc_x64_avx2_3aa1a47.zip;aff3ct_development_windows_gcc_x86_sse4_2_3aa1a47.zip;aff3ct_development_windows_gcc_x64_avx2_3aa1a47.zip;aff3ct_development_macos_clang_x64_sse4_2_3aa1a47.zip"
"v1.3.2","cb32be0","Wed Oct 31 16:59:15 2018 +0100","Fix colors maccro.","Adrien Cassagne","https://github.com/aff3ct/resources/raw/master/aff3ct_builds/","aff3ct_development_linux_gcc_x64_sse4_2_cb32be0.zip;aff3ct_development_linux_gcc_x64_avx2_cb32be0.zip;aff3ct_development_windows_gcc_x86_sse4_2_cb32be0.zip;aff3ct_development_windows_gcc_x64_avx2_cb32be0.zip;aff3ct_development_macos_clang_x64_sse4_2_cb32be0.zip"
"v1.3.2","5b0205a","Wed Oct 31 18:18:33 2018 +0100","Add the 'install' directives in the CMake.","Adrien Cassagne","https://github.com/aff3ct/resources/raw/master/aff3ct_builds/","aff3ct_development_linux_gcc_x64_sse4_2_5b0205a.zip;aff3ct_development_linux_gcc_x64_avx2_5b0205a.zip;aff3ct_development_windows_gcc_x86_sse4_2_5b0205a.zip;aff3ct_development_windows_gcc_x64_avx2_5b0205a.zip;aff3ct_development_macos_clang_x64_sse4_2_5b0205a.zip"
"v1.3.2","efd9cd7","Wed Oct 31 18:51:56 2018 +0100","Improve the CI builds following the Linux style.","Adrien Cassagne","https://github.com/aff3ct/resources/raw/master/aff3ct_builds/","aff3ct_development_linux_gcc_x64_sse4_2_efd9cd7.zip;aff3ct_development_linux_gcc_x64_avx2_efd9cd7.zip;aff3ct_development_windows_gcc_x86_sse4_2_efd9cd7.zip;aff3ct_development_windows_gcc_x64_avx2_efd9cd7.zip;aff3ct_development_macos_clang_x64_sse4_2_efd9cd7.zip"
"v1.3.2","0b09d8b","Thu Nov 1 01:18:25 2018 +0100","Improve the 'CMakeList.txt' to automatically generate CMake config files.","Adrien Cassagne","https://github.com/aff3ct/resources/raw/master/aff3ct_builds/","aff3ct_development_linux_gcc_x64_sse4_2_0b09d8b.zip;aff3ct_development_linux_gcc_x64_avx2_0b09d8b.zip;aff3ct_development_windows_gcc_x86_sse4_2_0b09d8b.zip;aff3ct_development_windows_gcc_x64_avx2_0b09d8b.zip;aff3ct_development_macos_clang_x64_sse4_2_0b09d8b.zip"
"v1.3.2","9ae74f0","Thu Nov 1 11:46:57 2018 +0100","Improve the generation of the CMake config files.","Adrien Cassagne","https://github.com/aff3ct/resources/raw/master/aff3ct_builds/","aff3ct_development_linux_gcc_x64_sse4_2_9ae74f0.zip;aff3ct_development_linux_gcc_x64_avx2_9ae74f0.zip;aff3ct_development_windows_gcc_x86_sse4_2_9ae74f0.zip;aff3ct_development_windows_gcc_x64_avx2_9ae74f0.zip;aff3ct_development_macos_clang_x64_sse4_2_9ae74f0.zip"
"v1.3.2","256c585","Thu Nov 1 18:24:27 2018 +0100","Cosmetics.","Adrien Cassagne","https://github.com/aff3ct/resources/raw/master/aff3ct_builds/","aff3ct_development_linux_gcc_x64_sse4_2_256c585.zip;aff3ct_development_linux_gcc_x64_avx2_256c585.zip;aff3ct_development_windows_gcc_x86_sse4_2_256c585.zip;aff3ct_development_windows_gcc_x64_avx2_256c585.zip;aff3ct_development_macos_clang_x64_sse4_2_256c585.zip"
"v1.3.2","08b9791","Fri Nov 2 14:47:10 2018 +0100","Remove the powerful tag to the BCH/RS/Uncoded regression tests.","Olivier HARTMANN","https://github.com/aff3ct/resources/raw/master/aff3ct_builds/","aff3ct_development_linux_gcc_x64_sse4_2_08b9791.zip;aff3ct_development_linux_gcc_x64_avx2_08b9791.zip;aff3ct_development_windows_gcc_x86_sse4_2_08b9791.zip;aff3ct_development_windows_gcc_x64_avx2_08b9791.zip;aff3ct_development_macos_clang_x64_sse4_2_08b9791.zip"
"v1.3.2","d0e1787","Mon Nov 5 15:58:42 2018 +0100","Fix link with SystemC when using AFF3CT as a library.","Adrien Cassagne","https://github.com/aff3ct/resources/raw/master/aff3ct_builds/","aff3ct_development_linux_gcc_x64_sse4_2_d0e1787.zip;aff3ct_development_linux_gcc_x64_avx2_d0e1787.zip;aff3ct_development_windows_gcc_x86_sse4_2_d0e1787.zip;aff3ct_development_windows_gcc_x64_avx2_d0e1787.zip;aff3ct_development_macos_clang_x64_sse4_2_d0e1787.zip"
"v1.3.2","d228d7c","Mon Nov 5 19:03:59 2018 +0100","Move the aff3ct-config files into the cmake folder.","Adrien Cassagne","https://github.com/aff3ct/resources/raw/master/aff3ct_builds/","aff3ct_development_linux_gcc_x64_sse4_2_d228d7c.zip;aff3ct_development_linux_gcc_x64_avx2_d228d7c.zip;aff3ct_development_windows_gcc_x86_sse4_2_d228d7c.zip;aff3ct_development_windows_gcc_x64_avx2_d228d7c.zip;aff3ct_development_macos_clang_x64_sse4_2_d228d7c.zip"
"v1.3.2","f8682f3","Tue Nov 6 12:14:00 2018 +0100","Improve CMakeList to manage exact git tag version.","Adrien Cassagne","https://github.com/aff3ct/resources/raw/master/aff3ct_builds/","aff3ct_development_linux_gcc_x64_sse4_2_f8682f3.zip;aff3ct_development_linux_gcc_x64_avx2_f8682f3.zip;aff3ct_development_windows_gcc_x86_sse4_2_f8682f3.zip;aff3ct_development_windows_gcc_x64_avx2_f8682f3.zip;aff3ct_development_macos_clang_x64_sse4_2_f8682f3.zip"
"v2.0.0","74645d2","Tue Nov 6 15:03:57 2018 +0100","Change branch name.","Adrien Cassagne","https://github.com/aff3ct/resources/raw/master/aff3ct_builds/","aff3ct_development_linux_gcc_x64_sse4_2_74645d2.zip;aff3ct_development_linux_gcc_x64_avx2_74645d2.zip;aff3ct_development_windows_gcc_x86_sse4_2_74645d2.zip;aff3ct_development_windows_gcc_x64_avx2_74645d2.zip;aff3ct_development_macos_clang_x64_sse4_2_74645d2.zip"
"v2.0.0","dfeb51b","Wed Nov 7 10:31:16 2018 +0100","CI: remove useless definitions + put the compile options in the yml file.","Adrien Cassagne","https://github.com/aff3ct/resources/raw/master/aff3ct_builds/","aff3ct_development_linux_gcc_x64_sse4_2_dfeb51b.zip;aff3ct_development_linux_gcc_x64_avx2_dfeb51b.zip;aff3ct_development_windows_gcc_x86_sse4_2_dfeb51b.zip;aff3ct_development_windows_gcc_x64_avx2_dfeb51b.zip;aff3ct_development_macos_clang_x64_sse4_2_dfeb51b.zip"
"v2.0.0","25e48d8","Thu Nov 15 16:15:18 2018 +0100","Merge branch 'development' into fix_err_trk_modem_channel_type","Olivier HARTMANN","https://github.com/aff3ct/resources/raw/master/aff3ct_builds/","aff3ct_development_linux_gcc_x64_sse4_2_25e48d8.zip;aff3ct_development_linux_gcc_x64_avx2_25e48d8.zip;aff3ct_development_windows_gcc_x86_sse4_2_25e48d8.zip;aff3ct_development_windows_gcc_x64_avx2_25e48d8.zip;aff3ct_development_macos_clang_x64_sse4_2_25e48d8.zip"
"v2.0.0","1c10dd0","Fri Nov 16 09:15:42 2018 +0100","Merge branch 'development' of gitlab.inria.fr:fec/aff3ct into development","Olivier HARTMANN","https://github.com/aff3ct/resources/raw/master/aff3ct_builds/","aff3ct_development_linux_gcc_x64_sse4_2_1c10dd0.zip;aff3ct_development_linux_gcc_x64_avx2_1c10dd0.zip;aff3ct_development_windows_gcc_x86_sse4_2_1c10dd0.zip;aff3ct_development_windows_gcc_x64_avx2_1c10dd0.zip;aff3ct_development_macos_clang_x64_sse4_2_1c10dd0.zip"
"v2.0.0","4f8f442","Wed Nov 21 16:37:07 2018 +0100","Fix the display of the debug","Olivier HARTMANN","https://github.com/aff3ct/resources/raw/master/aff3ct_builds/","aff3ct_development_linux_gcc_x64_sse4_2_4f8f442.zip;aff3ct_development_linux_gcc_x64_avx2_4f8f442.zip;aff3ct_development_windows_gcc_x86_sse4_2_4f8f442.zip;aff3ct_development_windows_gcc_x64_avx2_4f8f442.zip;aff3ct_development_macos_clang_x64_sse4_2_4f8f442.zip"
"v2.0.0","98467f0","Thu Nov 22 16:19:39 2018 +0100","Rename --mnt-max-frame into --mnt-max-fra","Olivier HARTMANN","https://github.com/aff3ct/resources/raw/master/aff3ct_builds/","aff3ct_development_linux_gcc_x64_sse4_2_98467f0.zip;aff3ct_development_linux_gcc_x64_avx2_98467f0.zip;aff3ct_development_windows_gcc_x86_sse4_2_98467f0.zip;aff3ct_development_windows_gcc_x64_avx2_98467f0.zip;aff3ct_development_macos_clang_x64_sse4_2_98467f0.zip"
"v2.0.0","996c792","Mon Dec 3 17:33:11 2018 +0100","Doc: disable the classes.","Adrien Cassagne","https://github.com/aff3ct/resources/raw/master/aff3ct_builds/","aff3ct_development_linux_gcc_x64_sse4_2_996c792.zip;aff3ct_development_linux_gcc_x64_avx2_996c792.zip;aff3ct_development_windows_gcc_x86_sse4_2_996c792.zip;aff3ct_development_windows_gcc_x64_avx2_996c792.zip;aff3ct_development_macos_clang_x64_sse4_2_996c792.zip"
"v2.1.0","95a79c8","Tue Dec 4 18:04:34 2018 +0100","Fix a link in the README.","Adrien Cassagne","https://github.com/aff3ct/resources/raw/master/aff3ct_builds/","aff3ct_development_linux_gcc_x64_sse4_2_95a79c8.zip;aff3ct_development_linux_gcc_x64_avx2_95a79c8.zip;aff3ct_development_windows_gcc_x86_sse4_2_95a79c8.zip;aff3ct_development_windows_gcc_x64_avx2_95a79c8.zip;aff3ct_development_macos_clang_x64_sse4_2_95a79c8.zip"
"v2.1.0","d5fe3e4","Tue Dec 4 22:51:41 2018 +0100","Regen the AFF3CT headers.","Adrien Cassagne","https://github.com/aff3ct/resources/raw/master/aff3ct_builds/","aff3ct_development_linux_gcc_x64_sse4_2_d5fe3e4.zip;aff3ct_development_linux_gcc_x64_avx2_d5fe3e4.zip;aff3ct_development_windows_gcc_x86_sse4_2_d5fe3e4.zip;aff3ct_development_windows_gcc_x64_avx2_d5fe3e4.zip;aff3ct_development_macos_clang_x64_sse4_2_d5fe3e4.zip"
"v2.1.0","a3be493","Wed Dec 5 14:18:59 2018 +0100","Fix mutual unique.","Olivier HARTMANN","https://github.com/aff3ct/resources/raw/master/aff3ct_builds/","aff3ct_development_linux_gcc_x64_sse4_2_a3be493.zip;aff3ct_development_linux_gcc_x64_avx2_a3be493.zip;aff3ct_development_windows_gcc_x86_sse4_2_a3be493.zip;aff3ct_development_windows_gcc_x64_avx2_a3be493.zip;aff3ct_development_macos_clang_x64_sse4_2_a3be493.zip"
"v2.1.0","27e5039","Wed Dec 5 18:54:07 2018 +0100","Add an error message if AFF3CT is not in a Git repo.","Adrien Cassagne","https://github.com/aff3ct/resources/raw/master/aff3ct_builds/","aff3ct_development_linux_gcc_x64_sse4_2_27e5039.zip;aff3ct_development_linux_gcc_x64_avx2_27e5039.zip;aff3ct_development_windows_gcc_x86_sse4_2_27e5039.zip;aff3ct_development_windows_gcc_x64_avx2_27e5039.zip;aff3ct_development_macos_clang_x64_sse4_2_27e5039.zip"
"v2.1.0","e2328ed","Wed Dec 5 21:55:07 2018 +0100","CI: fix wrong PDF path.","Adrien Cassagne","https://github.com/aff3ct/resources/raw/master/aff3ct_builds/","aff3ct_development_linux_gcc_x64_sse4_2_e2328ed.zip;aff3ct_development_linux_gcc_x64_avx2_e2328ed.zip;aff3ct_development_windows_gcc_x86_sse4_2_e2328ed.zip;aff3ct_development_windows_gcc_x64_avx2_e2328ed.zip;aff3ct_development_macos_clang_x64_sse4_2_e2328ed.zip"
"v2.1.0","87cad9d","Wed Dec 5 23:48:53 2018 +0100","CI: rm 'readers' folder from the refs in the builds.","Adrien Cassagne","https://github.com/aff3ct/resources/raw/master/aff3ct_builds/","aff3ct_development_linux_gcc_x64_sse4_2_87cad9d.zip;aff3ct_development_linux_gcc_x64_avx2_87cad9d.zip;aff3ct_development_windows_gcc_x86_sse4_2_87cad9d.zip;aff3ct_development_windows_gcc_x64_avx2_87cad9d.zip;aff3ct_development_macos_clang_x64_sse4_2_87cad9d.zip"
"v2.1.1","d2f6aa3","Thu Dec 6 11:43:37 2018 +0100","Replace 'master' by 'development'.","Adrien Cassagne","https://github.com/aff3ct/resources/raw/master/aff3ct_builds/","aff3ct_development_linux_gcc_x64_sse4_2_d2f6aa3.zip;aff3ct_development_linux_gcc_x64_avx2_d2f6aa3.zip;aff3ct_development_windows_gcc_x86_sse4_2_d2f6aa3.zip;aff3ct_development_windows_gcc_x64_avx2_d2f6aa3.zip;aff3ct_development_macos_clang_x64_sse4_2_d2f6aa3.zip"
"v2.1.1","94e90c3","Thu Dec 6 15:15:13 2018 +0100","CI: get the current branch name from GitLab env. var.","Adrien Cassagne","https://github.com/aff3ct/resources/raw/master/aff3ct_builds/","aff3ct_development_linux_gcc_x64_sse4_2_94e90c3.zip;aff3ct_development_linux_gcc_x64_avx2_94e90c3.zip;aff3ct_development_windows_gcc_x86_sse4_2_94e90c3.zip;aff3ct_development_windows_gcc_x64_avx2_94e90c3.zip;aff3ct_development_macos_clang_x64_sse4_2_94e90c3.zip"
"v2.1.1","8b7d7b9","Thu Dec 6 15:26:25 2018 +0100","Merge branch 'development' into fix_peeling_dec","Olivier HARTMANN","https://github.com/aff3ct/resources/raw/master/aff3ct_builds/","aff3ct_development_linux_gcc_x64_sse4_2_8b7d7b9.zip;aff3ct_development_linux_gcc_x64_avx2_8b7d7b9.zip;aff3ct_development_windows_gcc_x86_sse4_2_8b7d7b9.zip;aff3ct_development_windows_gcc_x64_avx2_8b7d7b9.zip;aff3ct_development_macos_clang_x64_sse4_2_8b7d7b9.zip"
"v2.1.1","df3e01f","Fri Dec 7 08:09:31 2018 +0100","Merge branch 'development' into modem_ook_optical_rop_estimate","Olivier HARTMANN","https://github.com/aff3ct/resources/raw/master/aff3ct_builds/","aff3ct_development_linux_gcc_x64_sse4_2_df3e01f.zip;aff3ct_development_linux_gcc_x64_avx2_df3e01f.zip;aff3ct_development_windows_gcc_x86_sse4_2_df3e01f.zip;aff3ct_development_windows_gcc_x64_avx2_df3e01f.zip;aff3ct_development_macos_clang_x64_sse4_2_df3e01f.zip"
"v2.1.1","7aa884f","Fri Dec 7 11:02:15 2018 +0100","Fix Sonarqube bugs.","Adrien Cassagne","https://github.com/aff3ct/resources/raw/master/aff3ct_builds/","aff3ct_development_linux_gcc_x64_sse4_2_7aa884f.zip;aff3ct_development_linux_gcc_x64_avx2_7aa884f.zip;aff3ct_development_windows_gcc_x86_sse4_2_7aa884f.zip;aff3ct_development_windows_gcc_x64_avx2_7aa884f.zip;aff3ct_development_macos_clang_x64_sse4_2_7aa884f.zip"
"v2.1.1","7dd38b4","Fri Dec 7 11:32:39 2018 +0100","Replace 'TURBO_PROD' by 'TPC'.","Adrien Cassagne","https://github.com/aff3ct/resources/raw/master/aff3ct_builds/","aff3ct_development_linux_gcc_x64_sse4_2_7dd38b4.zip;aff3ct_development_linux_gcc_x64_avx2_7dd38b4.zip;aff3ct_development_windows_gcc_x86_sse4_2_7dd38b4.zip;aff3ct_development_windows_gcc_x64_avx2_7dd38b4.zip;aff3ct_development_macos_clang_x64_sse4_2_7dd38b4.zip"
"v2.1.1","06ca47a","Fri Dec 7 15:26:08 2018 +0100","Work on Histogram","Olivier HARTMANN","https://github.com/aff3ct/resources/raw/master/aff3ct_builds/","aff3ct_development_linux_gcc_x64_sse4_2_06ca47a.zip;aff3ct_development_linux_gcc_x64_avx2_06ca47a.zip;aff3ct_development_windows_gcc_x86_sse4_2_06ca47a.zip;aff3ct_development_windows_gcc_x64_avx2_06ca47a.zip;aff3ct_development_macos_clang_x64_sse4_2_06ca47a.zip"
"v2.1.1","2ff5c10","Mon Dec 10 22:41:37 2018 +0100","Merge branch 'development' into external_strings","Adrien Cassagne","https://github.com/aff3ct/resources/raw/master/aff3ct_builds/","aff3ct_development_linux_gcc_x64_sse4_2_2ff5c10.zip;aff3ct_development_linux_gcc_x64_avx2_2ff5c10.zip;aff3ct_development_windows_gcc_x86_sse4_2_2ff5c10.zip;aff3ct_development_windows_gcc_x64_avx2_2ff5c10.zip;aff3ct_development_macos_clang_x64_sse4_2_2ff5c10.zip"
"v2.1.1","a98deca","Tue Dec 11 09:57:40 2018 +0100","CI: fix 'strings.rst' path.","Adrien Cassagne","https://github.com/aff3ct/resources/raw/master/aff3ct_builds/","aff3ct_development_linux_gcc_x64_sse4_2_a98deca.zip;aff3ct_development_linux_gcc_x64_avx2_a98deca.zip;aff3ct_development_windows_gcc_x86_sse4_2_a98deca.zip;aff3ct_development_windows_gcc_x64_avx2_a98deca.zip;aff3ct_development_macos_clang_x64_sse4_2_a98deca.zip"
"v2.1.1","9876533","Tue Dec 11 16:39:46 2018 +0100","CI: fix coverage script.","Adrien Cassagne","https://github.com/aff3ct/resources/raw/master/aff3ct_builds/","aff3ct_development_linux_gcc_x64_sse4_2_9876533.zip;aff3ct_development_linux_gcc_x64_avx2_9876533.zip;aff3ct_development_windows_gcc_x86_sse4_2_9876533.zip;aff3ct_development_windows_gcc_x64_avx2_9876533.zip;aff3ct_development_macos_clang_x64_sse4_2_9876533.zip"
"v2.1.1","d2fa8c5","Tue Dec 11 20:09:01 2018 +0100","CI: fix binary and lib names for the Windows builds.","Adrien Cassagne","https://github.com/aff3ct/resources/raw/master/aff3ct_builds/","aff3ct_development_linux_gcc_x64_sse4_2_d2fa8c5.zip;aff3ct_development_linux_gcc_x64_avx2_d2fa8c5.zip;aff3ct_development_windows_gcc_x86_sse4_2_d2fa8c5.zip;aff3ct_development_windows_gcc_x64_avx2_d2fa8c5.zip;aff3ct_development_macos_clang_x64_sse4_2_d2fa8c5.zip"
"v2.1.1","f4dae64","Wed Dec 12 11:34:11 2018 +0100","Disable wrong GCC warning.","Adrien Cassagne","https://github.com/aff3ct/resources/raw/master/aff3ct_builds/","aff3ct_development_linux_gcc_x64_sse4_2_f4dae64.zip;aff3ct_development_linux_gcc_x64_avx2_f4dae64.zip;aff3ct_development_windows_gcc_x86_sse4_2_f4dae64.zip;aff3ct_development_windows_gcc_x64_avx2_f4dae64.zip;aff3ct_development_macos_clang_x64_sse4_2_f4dae64.zip"
"v2.1.1","76bf818","Wed Dec 12 11:50:36 2018 +0100","Merge branch 'development' into full_legend","Olivier HARTMANN","https://github.com/aff3ct/resources/raw/master/aff3ct_builds/","aff3ct_development_linux_gcc_x64_sse4_2_76bf818.zip;aff3ct_development_linux_gcc_x64_avx2_76bf818.zip;aff3ct_development_windows_gcc_x86_sse4_2_76bf818.zip;aff3ct_development_windows_gcc_x64_avx2_76bf818.zip;aff3ct_development_macos_clang_x64_sse4_2_76bf818.zip"
"v2.1.1","3f9f669","Wed Dec 12 16:31:23 2018 +0100","Merge branch 'development' of gitlab.inria.fr:fec/aff3ct into development","Adrien Cassagne","https://github.com/aff3ct/resources/raw/master/aff3ct_builds/","aff3ct_development_linux_gcc_x64_sse4_2_3f9f669.zip;aff3ct_development_linux_gcc_x64_avx2_3f9f669.zip;aff3ct_development_windows_gcc_x86_sse4_2_3f9f669.zip;aff3ct_development_windows_gcc_x64_avx2_3f9f669.zip;aff3ct_development_macos_clang_x64_sse4_2_3f9f669.zip"
"v2.1.1","ffc9960","Wed Dec 12 22:46:23 2018 +0100","Simplify the usage of the 'aff3ct' script.","Adrien Cassagne","https://github.com/aff3ct/resources/raw/master/aff3ct_builds/","aff3ct_development_linux_gcc_x64_sse4_2_ffc9960.zip;aff3ct_development_linux_gcc_x64_avx2_ffc9960.zip;aff3ct_development_windows_gcc_x86_sse4_2_ffc9960.zip;aff3ct_development_windows_gcc_x64_avx2_ffc9960.zip;aff3ct_development_macos_clang_x64_sse4_2_ffc9960.zip"
"v2.1.1","a0aa54a","Thu Dec 13 14:46:16 2018 +0100","Fix the 'aff3ct' script.","Adrien Cassagne","https://github.com/aff3ct/resources/raw/master/aff3ct_builds/","aff3ct_development_linux_gcc_x64_sse4_2_a0aa54a.zip;aff3ct_development_linux_gcc_x64_avx2_a0aa54a.zip;aff3ct_development_windows_gcc_x86_sse4_2_a0aa54a.zip;aff3ct_development_windows_gcc_x64_avx2_a0aa54a.zip;aff3ct_development_macos_clang_x64_sse4_2_a0aa54a.zip"
"v2.1.1","2ae19d3","Fri Dec 14 15:14:10 2018 +0100","CI: improve the test coverage script.","Adrien Cassagne","https://github.com/aff3ct/resources/raw/master/aff3ct_builds/","aff3ct_development_linux_gcc_x64_sse4_2_2ae19d3.zip;aff3ct_development_linux_gcc_x64_avx2_2ae19d3.zip;aff3ct_development_windows_gcc_x86_sse4_2_2ae19d3.zip;aff3ct_development_windows_gcc_x64_avx2_2ae19d3.zip;aff3ct_development_macos_clang_x64_sse4_2_2ae19d3.zip"
"v2.1.1","95e5cc6","Sat Dec 15 16:33:17 2018 +0100","Fix a bug when getting the binary path; should resolve the CI bugs.","Adrien Cassagne","https://github.com/aff3ct/resources/raw/master/aff3ct_builds/","aff3ct_development_linux_gcc_x64_sse4_2_95e5cc6.zip;aff3ct_development_linux_gcc_x64_avx2_95e5cc6.zip;aff3ct_development_windows_gcc_x86_sse4_2_95e5cc6.zip;aff3ct_development_windows_gcc_x64_avx2_95e5cc6.zip;aff3ct_development_macos_clang_x64_sse4_2_95e5cc6.zip"
"v2.1.1","c5f3ec0","Sun Dec 16 13:46:24 2018 +0100","Set the number of caracter to 7 in 'git describe' short hash.","Adrien CASSAGNE","https://github.com/aff3ct/resources/raw/master/aff3ct_builds/","aff3ct_development_linux_gcc_x64_sse4_2_c5f3ec0.zip;aff3ct_development_linux_gcc_x64_avx2_c5f3ec0.zip;aff3ct_development_windows_gcc_x86_sse4_2_c5f3ec0.zip;aff3ct_development_windows_gcc_x64_avx2_c5f3ec0.zip;aff3ct_development_macos_clang_x64_sse4_2_c5f3ec0.zip"
"v2.1.1","0f5813f","Mon Dec 17 10:56:38 2018 +0100","Fix refs by using the good IRA matrix for gallagers","Olivier HARTMANN","https://github.com/aff3ct/resources/raw/master/aff3ct_builds/","aff3ct_development_linux_gcc_x64_sse4_2_0f5813f.zip;aff3ct_development_linux_gcc_x64_avx2_0f5813f.zip;aff3ct_development_windows_gcc_x86_sse4_2_0f5813f.zip;aff3ct_development_windows_gcc_x64_avx2_0f5813f.zip;aff3ct_development_macos_clang_x64_sse4_2_0f5813f.zip"
"v2.1.1","4253fa9","Mon Dec 17 17:32:53 2018 +0100","Use properly the '--abbrev' parameter.","Adrien Cassagne","https://github.com/aff3ct/resources/raw/master/aff3ct_builds/","aff3ct_development_linux_gcc_x64_sse4_2_4253fa9.zip;aff3ct_development_linux_gcc_x64_avx2_4253fa9.zip;aff3ct_development_windows_gcc_x86_sse4_2_4253fa9.zip;aff3ct_development_windows_gcc_x64_avx2_4253fa9.zip;aff3ct_development_macos_clang_x64_sse4_2_4253fa9.zip"
"v2.1.1","06ccaa6","Mon Dec 17 17:55:13 2018 +0100","Merge branch 'development' into generic_modem","Olivier HARTMANN","https://github.com/aff3ct/resources/raw/master/aff3ct_builds/","aff3ct_development_linux_gcc_x64_sse4_2_06ccaa6.zip;aff3ct_development_linux_gcc_x64_avx2_06ccaa6.zip;aff3ct_development_windows_gcc_x86_sse4_2_06ccaa6.zip;aff3ct_development_windows_gcc_x64_avx2_06ccaa6.zip;aff3ct_development_macos_clang_x64_sse4_2_06ccaa6.zip"
"v2.1.1","b60fe46","Tue Dec 18 09:18:33 2018 +0100","update aff3ct header","Olivier HARTMANN","https://github.com/aff3ct/resources/raw/master/aff3ct_builds/","aff3ct_development_linux_gcc_x64_sse4_2_b60fe46.zip;aff3ct_development_linux_gcc_x64_avx2_b60fe46.zip;aff3ct_development_windows_gcc_x86_sse4_2_b60fe46.zip;aff3ct_development_windows_gcc_x64_avx2_b60fe46.zip;aff3ct_development_macos_clang_x64_sse4_2_b60fe46.zip"
"v2.1.1","4cae1d3","Tue Dec 18 11:57:46 2018 +0100","Merge branch 'development' into scma_codebook","Olivier HARTMANN","https://github.com/aff3ct/resources/raw/master/aff3ct_builds/","aff3ct_development_linux_gcc_x64_sse4_2_4cae1d3.zip;aff3ct_development_linux_gcc_x64_avx2_4cae1d3.zip;aff3ct_development_windows_gcc_x86_sse4_2_4cae1d3.zip;aff3ct_development_windows_gcc_x64_avx2_4cae1d3.zip;aff3ct_development_macos_clang_x64_sse4_2_4cae1d3.zip"
"v2.1.1","6f08f28","Wed Dec 19 15:01:40 2018 +0100","Improve the polar nodes parser code.","Adrien Cassagne","https://github.com/aff3ct/resources/raw/master/aff3ct_builds/","aff3ct_development_linux_gcc_x64_sse4_2_6f08f28.zip;aff3ct_development_linux_gcc_x64_avx2_6f08f28.zip;aff3ct_development_windows_gcc_x86_sse4_2_6f08f28.zip;aff3ct_development_windows_gcc_x64_avx2_6f08f28.zip;aff3ct_development_macos_clang_x64_sse4_2_6f08f28.zip"
"v2.1.1","09cedbd","Sat Dec 22 17:37:07 2018 +0100","Doc: fix the '--dec-seed' missing parameter description.","Adrien Cassagne","https://github.com/aff3ct/resources/raw/master/aff3ct_builds/","aff3ct_development_linux_gcc_x64_sse4_2_09cedbd.zip;aff3ct_development_linux_gcc_x64_avx2_09cedbd.zip;aff3ct_development_windows_gcc_x86_sse4_2_09cedbd.zip;aff3ct_development_windows_gcc_x64_avx2_09cedbd.zip;aff3ct_development_macos_clang_x64_sse4_2_09cedbd.zip"
"v2.2.0","7a85f94","Mon Dec 24 10:48:24 2018 +0100","CI: reduce the number of dev. releases to keep to 5 + add error codes return.","Adrien Cassagne","https://github.com/aff3ct/resources/raw/master/aff3ct_builds/","aff3ct_development_linux_gcc_x64_sse4_2_7a85f94.zip;aff3ct_development_linux_gcc_x64_avx2_7a85f94.zip;aff3ct_development_windows_gcc_x86_sse4_2_7a85f94.zip;aff3ct_development_windows_gcc_x64_avx2_7a85f94.zip;aff3ct_development_macos_clang_x64_sse4_2_7a85f94.zip"
"v2.2.0","30c38ac","Mon Jan 7 14:59:06 2019 +0100","Fix the version detection from Git.","Adrien Cassagne","https://github.com/aff3ct/resources/raw/master/aff3ct_builds/","aff3ct_development_linux_gcc_x64_sse4_2_30c38ac.zip;aff3ct_development_linux_gcc_x64_avx2_30c38ac.zip;aff3ct_development_windows_gcc_x86_sse4_2_30c38ac.zip;aff3ct_development_windows_gcc_x64_avx2_30c38ac.zip;aff3ct_development_macos_clang_x64_sse4_2_30c38ac.zip"
"v2.2.0","dd4f6b5","Mon Jan 7 15:47:06 2019 +0100","Update the refs.","Adrien Cassagne","https://github.com/aff3ct/resources/raw/master/aff3ct_builds/","aff3ct_development_linux_gcc_x64_sse4_2_dd4f6b5.zip;aff3ct_development_linux_gcc_x64_avx2_dd4f6b5.zip;aff3ct_development_windows_gcc_x86_sse4_2_dd4f6b5.zip;aff3ct_development_windows_gcc_x64_avx2_dd4f6b5.zip;aff3ct_development_macos_clang_x64_sse4_2_dd4f6b5.zip"
"v2.2.0","b1d9a76","Tue Jan 8 09:36:16 2019 +0100","CI: add auto push to the AFF3CT GitHub mirror.","Adrien Cassagne","https://github.com/aff3ct/resources/raw/master/aff3ct_builds/","aff3ct_development_linux_gcc_x64_sse4_2_b1d9a76.zip;aff3ct_development_linux_gcc_x64_avx2_b1d9a76.zip;aff3ct_development_windows_gcc_x86_sse4_2_b1d9a76.zip;aff3ct_development_windows_gcc_x64_avx2_b1d9a76.zip;aff3ct_development_macos_clang_x64_sse4_2_b1d9a76.zip"
"v2.2.0","2b0e537","Tue Jan 8 10:06:12 2019 +0100","CI: try to fix specific branch issue.","Adrien Cassagne","https://github.com/aff3ct/resources/raw/master/aff3ct_builds/","aff3ct_development_linux_gcc_x64_sse4_2_2b0e537.zip;aff3ct_development_linux_gcc_x64_avx2_2b0e537.zip;aff3ct_development_windows_gcc_x86_sse4_2_2b0e537.zip;aff3ct_development_windows_gcc_x64_avx2_2b0e537.zip;aff3ct_development_macos_clang_x64_sse4_2_2b0e537.zip"
"v2.2.0","2cfc039","Tue Jan 8 11:20:13 2019 +0100","CI: add fake dependencies to reduce the number of downloads.","Adrien Cassagne","https://github.com/aff3ct/resources/raw/master/aff3ct_builds/","aff3ct_development_linux_gcc_x64_sse4_2_2cfc039.zip;aff3ct_development_linux_gcc_x64_avx2_2cfc039.zip;aff3ct_development_windows_gcc_x86_sse4_2_2cfc039.zip;aff3ct_development_windows_gcc_x64_avx2_2cfc039.zip;aff3ct_development_macos_clang_x64_sse4_2_2cfc039.zip"
"v2.2.0","ff12a8a","Tue Jan 8 13:09:33 2019 +0100","Replace 2018 by 2019.","Adrien Cassagne","https://github.com/aff3ct/resources/raw/master/aff3ct_builds/","aff3ct_development_linux_gcc_x64_sse4_2_ff12a8a.zip;aff3ct_development_linux_gcc_x64_avx2_ff12a8a.zip;aff3ct_development_windows_gcc_x86_sse4_2_ff12a8a.zip;aff3ct_development_windows_gcc_x64_avx2_ff12a8a.zip;aff3ct_development_macos_clang_x64_sse4_2_ff12a8a.zip"
"v2.2.0","9dd5eb3","Tue Jan 8 14:23:33 2019 +0100","Fix rep node.","Adrien Cassagne","https://github.com/aff3ct/resources/raw/master/aff3ct_builds/","aff3ct_development_linux_gcc_x64_sse4_2_9dd5eb3.zip;aff3ct_development_linux_gcc_x64_avx2_9dd5eb3.zip;aff3ct_development_windows_gcc_x86_sse4_2_9dd5eb3.zip;aff3ct_development_windows_gcc_x64_avx2_9dd5eb3.zip;aff3ct_development_macos_clang_x64_sse4_2_9dd5eb3.zip"
"v2.2.0","eda7ea3","Tue Jan 8 15:31:37 2019 +0100","CI: add variables to control the time of the regression tests when scheduled.","Adrien Cassagne","https://github.com/aff3ct/resources/raw/master/aff3ct_builds/","aff3ct_development_linux_gcc_x64_sse4_2_eda7ea3.zip;aff3ct_development_linux_gcc_x64_avx2_eda7ea3.zip;aff3ct_development_windows_gcc_x86_sse4_2_eda7ea3.zip;aff3ct_development_windows_gcc_x64_avx2_eda7ea3.zip;aff3ct_development_macos_clang_x64_sse4_2_eda7ea3.zip"
"v2.2.0","884c811","Wed Jan 9 14:54:17 2019 +0100","CI: fix coverage test.","Adrien Cassagne","https://github.com/aff3ct/resources/raw/master/aff3ct_builds/","aff3ct_development_linux_gcc_x64_sse4_2_884c811.zip;aff3ct_development_linux_gcc_x64_avx2_884c811.zip;aff3ct_development_windows_gcc_x86_sse4_2_884c811.zip;aff3ct_development_windows_gcc_x64_avx2_884c811.zip;aff3ct_development_macos_clang_x64_sse4_2_884c811.zip"
"v2.2.0","b5e7fd3","Wed Jan 9 17:16:12 2019 +0100","Quiet find_package.","Adrien Cassagne","https://github.com/aff3ct/resources/raw/master/aff3ct_builds/","aff3ct_development_linux_gcc_x64_sse4_2_b5e7fd3.zip;aff3ct_development_linux_gcc_x64_avx2_b5e7fd3.zip;aff3ct_development_windows_gcc_x86_sse4_2_b5e7fd3.zip;aff3ct_development_windows_gcc_x64_avx2_b5e7fd3.zip;aff3ct_development_macos_clang_x64_sse4_2_b5e7fd3.zip"
"v2.2.0","3c84d78","Wed Jan 9 18:10:53 2019 +0100","Typos.","Adrien Cassagne","https://github.com/aff3ct/resources/raw/master/aff3ct_builds/","aff3ct_development_linux_gcc_x64_sse4_2_3c84d78.zip;aff3ct_development_linux_gcc_x64_avx2_3c84d78.zip;aff3ct_development_windows_gcc_x86_sse4_2_3c84d78.zip;aff3ct_development_windows_gcc_x64_avx2_3c84d78.zip;aff3ct_development_macos_clang_x64_sse4_2_3c84d78.zip"
"v2.2.0","c725bd5","Sat Jan 12 09:53:18 2019 +0100","CI: replace multiple long regression tests by one big job.","Adrien Cassagne","https://github.com/aff3ct/resources/raw/master/aff3ct_builds/","aff3ct_development_linux_gcc_x64_sse4_2_c725bd5.zip;aff3ct_development_linux_gcc_x64_avx2_c725bd5.zip;aff3ct_development_windows_gcc_x86_sse4_2_c725bd5.zip;aff3ct_development_windows_gcc_x64_avx2_c725bd5.zip;aff3ct_development_macos_clang_x64_sse4_2_c725bd5.zip"
"v2.2.0","ca47d7b","Tue Jan 15 10:37:14 2019 +0100","Doc: compile the 'Others' section only for html.","Adrien Cassagne","https://github.com/aff3ct/resources/raw/master/aff3ct_builds/","aff3ct_development_linux_gcc_x64_sse4_2_ca47d7b.zip;aff3ct_development_linux_gcc_x64_avx2_ca47d7b.zip;aff3ct_development_windows_gcc_x86_sse4_2_ca47d7b.zip;aff3ct_development_windows_gcc_x64_avx2_ca47d7b.zip;aff3ct_development_macos_clang_x64_sse4_2_ca47d7b.zip"
"v2.2.0","1511f14","Tue Jan 15 14:24:26 2019 +0100","Rm SonarQube badges as there are incompatible with GitHub README display.","Adrien Cassagne","https://github.com/aff3ct/resources/raw/master/aff3ct_builds/","aff3ct_development_linux_gcc_x64_sse4_2_1511f14.zip;aff3ct_development_linux_gcc_x64_avx2_1511f14.zip;aff3ct_development_windows_gcc_x86_sse4_2_1511f14.zip;aff3ct_development_windows_gcc_x64_avx2_1511f14.zip;aff3ct_development_macos_clang_x64_sse4_2_1511f14.zip"
"v2.2.0","506216d","Wed Jan 16 06:00:22 2019 +0100","CI: fix --min-fe argument behaviour.","Mathieu Léonardon","https://github.com/aff3ct/resources/raw/master/aff3ct_builds/","aff3ct_development_linux_gcc_x64_sse4_2_506216d.zip;aff3ct_development_linux_gcc_x64_avx2_506216d.zip;aff3ct_development_windows_gcc_x86_sse4_2_506216d.zip;aff3ct_development_windows_gcc_x64_avx2_506216d.zip;aff3ct_development_macos_clang_x64_sse4_2_506216d.zip"
"v2.2.1","fcd41ff","Fri Jan 18 15:52:32 2019 +0100","Add new params and rename other.","Adrien Cassagne","https://github.com/aff3ct/resources/raw/master/aff3ct_builds/","aff3ct_development_linux_gcc_x64_sse4_2_fcd41ff.zip;aff3ct_development_linux_gcc_x64_avx2_fcd41ff.zip;aff3ct_development_windows_gcc_x86_sse4_2_fcd41ff.zip;aff3ct_development_windows_gcc_x64_avx2_fcd41ff.zip;aff3ct_development_macos_clang_x64_sse4_2_fcd41ff.zip"
"v2.2.2","a60e033","Sat Jan 19 23:22:27 2019 +0100","Put deploy scripts in the 'production' environment.","Adrien Cassagne","https://github.com/aff3ct/resources/raw/master/aff3ct_builds/","aff3ct_development_linux_gcc_x64_sse4_2_a60e033.zip;aff3ct_development_linux_gcc_x64_avx2_a60e033.zip;aff3ct_development_windows_gcc_x86_sse4_2_a60e033.zip;aff3ct_development_windows_gcc_x64_avx2_a60e033.zip;aff3ct_development_macos_clang_x64_sse4_2_a60e033.zip"
"v2.2.2","bfe7ac8","Sun Jan 20 11:57:01 2019 +0100","CI: improve the deploy script when redeploying same commit.","Adrien Cassagne","https://github.com/aff3ct/resources/raw/master/aff3ct_builds/","aff3ct_development_linux_gcc_x64_sse4_2_bfe7ac8.zip;aff3ct_development_linux_gcc_x64_avx2_bfe7ac8.zip;aff3ct_development_windows_gcc_x86_sse4_2_bfe7ac8.zip;aff3ct_development_windows_gcc_x64_avx2_bfe7ac8.zip;aff3ct_development_macos_clang_x64_sse4_2_bfe7ac8.zip"
"v2.2.2","64f837a","Sun Jan 20 19:02:13 2019 +0100","CI: fix bug introduced in prev. commit.","Adrien Cassagne","https://github.com/aff3ct/resources/raw/master/aff3ct_builds/","aff3ct_development_linux_gcc_x64_sse4_2_64f837a.zip;aff3ct_development_linux_gcc_x64_avx2_64f837a.zip;aff3ct_development_windows_gcc_x86_sse4_2_64f837a.zip;aff3ct_development_windows_gcc_x64_avx2_64f837a.zip;aff3ct_development_macos_clang_x64_sse4_2_64f837a.zip"
"v2.2.2","2cc95fc","Mon Jan 21 18:19:06 2019 +0100","Refactor","Klimentyev VP","https://github.com/aff3ct/resources/raw/master/aff3ct_builds/","aff3ct_development_linux_gcc_x64_sse4_2_2cc95fc.zip;aff3ct_development_linux_gcc_x64_avx2_2cc95fc.zip;aff3ct_development_windows_gcc_x86_sse4_2_2cc95fc.zip;aff3ct_development_windows_gcc_x64_avx2_2cc95fc.zip;aff3ct_development_macos_clang_x64_sse4_2_2cc95fc.zip"
"v2.2.2","f77bb56","Tue Jan 22 16:56:15 2019 +0100","Add/update template default values in the reporters.","Adrien Cassagne","https://github.com/aff3ct/resources/raw/master/aff3ct_builds/","aff3ct_development_linux_gcc_x64_sse4_2_f77bb56.zip;aff3ct_development_linux_gcc_x64_avx2_f77bb56.zip;aff3ct_development_windows_gcc_x86_sse4_2_f77bb56.zip;aff3ct_development_windows_gcc_x64_avx2_f77bb56.zip;aff3ct_development_macos_clang_x64_sse4_2_f77bb56.zip"
"v2.2.2","fe99110","Wed Jan 23 22:10:31 2019 +0100","Doc: add the doc for the '--ter-sigma' parameter.","Adrien Cassagne","https://github.com/aff3ct/resources/raw/master/aff3ct_builds/","aff3ct_development_linux_gcc_x64_sse4_2_fe99110.zip;aff3ct_development_linux_gcc_x64_avx2_fe99110.zip;aff3ct_development_windows_gcc_x86_sse4_2_fe99110.zip;aff3ct_development_windows_gcc_x64_avx2_fe99110.zip;aff3ct_development_macos_clang_x64_sse4_2_fe99110.zip"
"v2.2.2","4d14567","Thu Jan 24 10:09:51 2019 +0100","Doc: update the description of the '--ter-sigma' parameter.","Adrien Cassagne","https://github.com/aff3ct/resources/raw/master/aff3ct_builds/","aff3ct_development_linux_gcc_x64_sse4_2_4d14567.zip;aff3ct_development_linux_gcc_x64_avx2_4d14567.zip;aff3ct_development_windows_gcc_x86_sse4_2_4d14567.zip;aff3ct_development_windows_gcc_x64_avx2_4d14567.zip;aff3ct_development_macos_clang_x64_sse4_2_4d14567.zip"
"v2.2.2","1c2a9fa","Mon Feb 4 09:32:57 2019 +0100","CI: Save dump debug files in artifacts.","Mathieu Léonardon","https://github.com/aff3ct/resources/raw/master/aff3ct_builds/","aff3ct_development_linux_gcc_x64_sse4_2_1c2a9fa.zip;aff3ct_development_linux_gcc_x64_avx2_1c2a9fa.zip;aff3ct_development_windows_gcc_x86_sse4_2_1c2a9fa.zip;aff3ct_development_windows_gcc_x64_avx2_1c2a9fa.zip;aff3ct_development_macos_clang_x64_sse4_2_1c2a9fa.zip"
"v2.2.2","0ae46a1","Wed Feb 6 11:15:06 2019 +0100","Add maccros to avoid to compile some LDPC code when the compiler does not support 'aligned new' feature.","Adrien Cassagne","https://github.com/aff3ct/resources/raw/master/aff3ct_builds/","aff3ct_development_linux_gcc_x64_sse4_2_0ae46a1.zip;aff3ct_development_linux_gcc_x64_avx2_0ae46a1.zip;aff3ct_development_windows_gcc_x86_sse4_2_0ae46a1.zip;aff3ct_development_windows_gcc_x64_avx2_0ae46a1.zip;aff3ct_development_macos_clang_x64_sse4_2_0ae46a1.zip"
"v2.2.2","2ad75f4","Thu Feb 7 17:08:16 2019 +0100","Add forgotten 5G in parameters list for enc-fb-gen-method.","Mathieu Léonardon","https://github.com/aff3ct/resources/raw/master/aff3ct_builds/","aff3ct_development_linux_gcc_x64_sse4_2_2ad75f4.zip;aff3ct_development_linux_gcc_x64_avx2_2ad75f4.zip;aff3ct_development_windows_gcc_x86_sse4_2_2ad75f4.zip;aff3ct_development_windows_gcc_x64_avx2_2ad75f4.zip;aff3ct_development_macos_clang_x64_sse4_2_2ad75f4.zip"
"v2.2.2","c64d78d","Mon Feb 11 11:49:06 2019 +0100","Fix the Tal&Vardy Polar frozen bit generator.","Adrien Cassagne","https://github.com/aff3ct/resources/raw/master/aff3ct_builds/","aff3ct_development_linux_gcc_x64_sse4_2_c64d78d.zip;aff3ct_development_linux_gcc_x64_avx2_c64d78d.zip;aff3ct_development_windows_gcc_x86_sse4_2_c64d78d.zip;aff3ct_development_windows_gcc_x64_avx2_c64d78d.zip;aff3ct_development_macos_clang_x64_sse4_2_c64d78d.zip"
"v2.2.2","0b68d07","Tue Feb 12 15:56:59 2019 +0100","Up. refs again.","Adrien Cassagne","https://github.com/aff3ct/resources/raw/master/aff3ct_builds/","aff3ct_development_linux_gcc_x64_sse4_2_0b68d07.zip;aff3ct_development_linux_gcc_x64_avx2_0b68d07.zip;aff3ct_development_windows_gcc_x86_sse4_2_0b68d07.zip;aff3ct_development_windows_gcc_x64_avx2_0b68d07.zip;aff3ct_development_macos_clang_x64_sse4_2_0b68d07.zip"
"v2.2.2","29c0a86","Wed Feb 13 13:30:29 2019 +0100","Update refs.","Mathieu Léonardon","https://github.com/aff3ct/resources/raw/master/aff3ct_builds/","aff3ct_development_linux_gcc_x64_sse4_2_29c0a86.zip;aff3ct_development_linux_gcc_x64_avx2_29c0a86.zip;aff3ct_development_windows_gcc_x86_sse4_2_29c0a86.zip;aff3ct_development_windows_gcc_x64_avx2_29c0a86.zip;aff3ct_development_macos_clang_x64_sse4_2_29c0a86.zip"
"v2.2.2","26dd41a","Thu Feb 14 10:33:48 2019 +0100","Doc: use Markdown format instead of RST for various README files.","Adrien Cassagne","https://github.com/aff3ct/resources/raw/master/aff3ct_builds/","aff3ct_development_linux_gcc_x64_sse4_2_26dd41a.zip;aff3ct_development_linux_gcc_x64_avx2_26dd41a.zip;aff3ct_development_windows_gcc_x86_sse4_2_26dd41a.zip;aff3ct_development_windows_gcc_x64_avx2_26dd41a.zip;aff3ct_development_macos_clang_x64_sse4_2_26dd41a.zip"
"v2.2.2","8e78123","Thu Feb 14 14:34:13 2019 +0100","Doc: update the Python requirements for Sphinx.","Adrien Cassagne","https://github.com/aff3ct/resources/raw/master/aff3ct_builds/","aff3ct_development_linux_gcc_x64_sse4_2_8e78123.zip;aff3ct_development_linux_gcc_x64_avx2_8e78123.zip;aff3ct_development_windows_gcc_x86_sse4_2_8e78123.zip;aff3ct_development_windows_gcc_x64_avx2_8e78123.zip;aff3ct_development_macos_clang_x64_sse4_2_8e78123.zip"
"v2.3.0","f79c4ce","Sat Feb 16 10:55:02 2019 +0100","Fix SonarQube bug.","Adrien Cassagne","https://github.com/aff3ct/resources/raw/master/aff3ct_builds/","aff3ct_development_linux_gcc_x64_sse4_2_f79c4ce.zip;aff3ct_development_linux_gcc_x64_avx2_f79c4ce.zip;aff3ct_development_windows_gcc_x86_sse4_2_f79c4ce.zip;aff3ct_development_windows_gcc_x64_avx2_f79c4ce.zip;aff3ct_development_macos_clang_x64_sse4_2_f79c4ce.zip"
"v2.3.0","6506e4e","Tue Feb 26 15:13:31 2019 +0100","Up. refs.","Adrien Cassagne","https://github.com/aff3ct/resources/raw/master/aff3ct_builds/","aff3ct_development_linux_gcc_x64_sse4_2_6506e4e.zip;aff3ct_development_linux_gcc_x64_avx2_6506e4e.zip;aff3ct_development_windows_gcc_x86_sse4_2_6506e4e.zip;aff3ct_development_windows_gcc_x64_avx2_6506e4e.zip;aff3ct_development_macos_clang_x64_sse4_2_6506e4e.zip"
"v2.3.0","c096499","Wed Feb 27 11:07:18 2019 +0100","Merge branch 'development' into cmake","Adrien Cassagne","https://github.com/aff3ct/resources/raw/master/aff3ct_builds/","aff3ct_development_linux_gcc_x64_sse4_2_c096499.zip;aff3ct_development_linux_gcc_x64_avx2_c096499.zip;aff3ct_development_windows_gcc_x86_sse4_2_c096499.zip;aff3ct_development_windows_gcc_x64_avx2_c096499.zip;aff3ct_development_macos_clang_x64_sse4_2_c096499.zip"
"v2.3.0","748907d","Wed Feb 27 13:56:09 2019 +0100","Typos.","Adrien Cassagne","https://github.com/aff3ct/resources/raw/master/aff3ct_builds/","aff3ct_development_linux_gcc_x64_sse4_2_748907d.zip;aff3ct_development_linux_gcc_x64_avx2_748907d.zip;aff3ct_development_windows_gcc_x86_sse4_2_748907d.zip;aff3ct_development_windows_gcc_x64_avx2_748907d.zip;aff3ct_development_macos_clang_x64_sse4_2_748907d.zip"
"v2.3.1","b7be2de","Fri Mar 1 16:57:02 2019 +0100","CI: merge 'documentation' and 'parser' stages in 'check' + compile the doc in the analysis stage.","Adrien Cassagne","https://gitlab.com/aff3ct/aff3ct/-/jobs/170230869/artifacts/raw/builds/","aff3ct_development_linux_gcc_x64_sse4_2_b7be2de.zip;aff3ct_development_linux_gcc_x64_avx2_b7be2de.zip;aff3ct_development_windows_gcc_x86_sse4_2_b7be2de.zip;aff3ct_development_windows_gcc_x64_avx2_b7be2de.zip;aff3ct_development_macos_clang_x64_sse4_2_b7be2de.zip"
"v2.3.1","5177391","Fri Mar 1 20:55:26 2019 +0100","CI: fix wrong GitLab.com artifacts URL.","Adrien Cassagne","https://gitlab.com/aff3ct/aff3ct/-/jobs/170296428/artifacts/raw/builds/","aff3ct_development_linux_gcc_x64_sse4_2_5177391.zip;aff3ct_development_linux_gcc_x64_avx2_5177391.zip;aff3ct_development_windows_gcc_x86_sse4_2_5177391.zip;aff3ct_development_windows_gcc_x64_avx2_5177391.zip;aff3ct_development_macos_clang_x64_sse4_2_5177391.zip"
"v2.3.1","a2c56d2","Wed Mar 13 13:27:10 2019 +0100","Fix a bug in the Git CMake module.","Adrien Cassagne","https://gitlab.com/aff3ct/aff3ct/-/jobs/176829009/artifacts/raw/builds/","aff3ct_development_linux_gcc_x64_sse4_2_a2c56d2.zip;aff3ct_development_linux_gcc_x64_avx2_a2c56d2.zip;aff3ct_development_windows_gcc_x86_sse4_2_a2c56d2.zip;aff3ct_development_windows_gcc_x64_avx2_a2c56d2.zip;aff3ct_development_macos_clang_x64_sse4_2_a2c56d2.zip"
"v2.3.1","4165644","Mon Mar 18 09:47:23 2019 +0100","Fix CMake version for PIE check.","Adrien Cassagne","https://gitlab.com/aff3ct/aff3ct/-/jobs/179334446/artifacts/raw/builds/","aff3ct_development_linux_gcc_x64_sse4_2_4165644.zip;aff3ct_development_linux_gcc_x64_avx2_4165644.zip;aff3ct_development_windows_gcc_x86_sse4_2_4165644.zip;aff3ct_development_windows_gcc_x64_avx2_4165644.zip;aff3ct_development_macos_clang_x64_sse4_2_4165644.zip"
"v2.3.1","1b81532","Wed Mar 20 16:35:29 2019 +0100","Fix '-Wmisleading-indentation' GCC warnings.","Adrien Cassagne","https://gitlab.com/aff3ct/aff3ct/-/jobs/181131071/artifacts/raw/builds/","aff3ct_development_linux_gcc_x64_sse4_2_1b81532.zip;aff3ct_development_linux_gcc_x64_avx2_1b81532.zip;aff3ct_development_windows_gcc_x86_sse4_2_1b81532.zip;aff3ct_development_windows_gcc_x64_avx2_1b81532.zip;aff3ct_development_macos_clang_x64_sse4_2_1b81532.zip"
"v2.3.1","dc743fe","Wed Mar 20 17:12:58 2019 +0100","Thread safe '--enc-g-save-path' option.","Adrien Cassagne","https://gitlab.com/aff3ct/aff3ct/-/jobs/181178257/artifacts/raw/builds/","aff3ct_development_linux_gcc_x64_sse4_2_dc743fe.zip;aff3ct_development_linux_gcc_x64_avx2_dc743fe.zip;aff3ct_development_windows_gcc_x86_sse4_2_dc743fe.zip;aff3ct_development_windows_gcc_x64_avx2_dc743fe.zip;aff3ct_development_macos_clang_x64_sse4_2_dc743fe.zip"
"v2.3.1","b3d8cd4","Fri Mar 22 11:08:55 2019 +0100","CI: rm the '-Wno-misleading-indentation' option.","Adrien Cassagne","https://gitlab.com/aff3ct/aff3ct/-/jobs/182350690/artifacts/raw/builds/","aff3ct_development_linux_gcc_x64_sse4_2_b3d8cd4.zip;aff3ct_development_linux_gcc_x64_avx2_b3d8cd4.zip;aff3ct_development_windows_gcc_x86_sse4_2_b3d8cd4.zip;aff3ct_development_windows_gcc_x64_avx2_b3d8cd4.zip;aff3ct_development_macos_clang_x64_sse4_2_b3d8cd4.zip"
"v2.3.1","e8774ad","Wed Mar 27 11:23:20 2019 +0100","Fix Monitor MI on 'std::vector' type.","Adrien Cassagne","https://gitlab.com/aff3ct/aff3ct/-/jobs/185081806/artifacts/raw/builds/","aff3ct_development_linux_gcc_x64_sse4_2_e8774ad.zip;aff3ct_development_linux_gcc_x64_avx2_e8774ad.zip;aff3ct_development_windows_gcc_x86_sse4_2_e8774ad.zip;aff3ct_development_windows_gcc_x64_avx2_e8774ad.zip;aff3ct_development_macos_clang_x64_sse4_2_e8774ad.zip"
"v2.3.1","fe8434a","Tue Apr 23 16:16:58 2019 +0200","Fix noise management in Polar codec when working on 64-bit floats.","Adrien Cassagne","https://gitlab.com/aff3ct/aff3ct/-/jobs/200939096/artifacts/raw/builds/","aff3ct_development_linux_gcc_x64_sse4_2_fe8434a.zip;aff3ct_development_linux_gcc_x64_avx2_fe8434a.zip;aff3ct_development_windows_gcc_x86_sse4_2_fe8434a.zip;aff3ct_development_windows_gcc_x64_avx2_fe8434a.zip;aff3ct_development_macos_clang_x64_sse4_2_fe8434a.zip"
"v2.3.1","f2d3cae","Wed Apr 24 15:20:49 2019 +0200","Add the possibility to dump the best channels of the polar codes.","Adrien Cassagne","https://gitlab.com/aff3ct/aff3ct/-/jobs/201641564/artifacts/raw/builds/","aff3ct_development_linux_gcc_x64_sse4_2_f2d3cae.zip;aff3ct_development_linux_gcc_x64_avx2_f2d3cae.zip;aff3ct_development_windows_gcc_x86_sse4_2_f2d3cae.zip;aff3ct_development_windows_gcc_x64_avx2_f2d3cae.zip;aff3ct_development_macos_clang_x64_sse4_2_f2d3cae.zip"
"v2.3.1","3f75e8b","Fri Jun 14 20:55:13 2019 +0200","Fix missing ML decoder for BCH codes.","Adrien Cassagne","https://gitlab.com/aff3ct/aff3ct/-/jobs/231732068/artifacts/raw/builds/","aff3ct_development_linux_gcc_x64_sse4_2_3f75e8b.zip;aff3ct_development_linux_gcc_x64_avx2_3f75e8b.zip;aff3ct_development_windows_gcc_x86_sse4_2_3f75e8b.zip;aff3ct_development_windows_gcc_x64_avx2_3f75e8b.zip;aff3ct_development_macos_clang_x64_sse4_2_3f75e8b.zip"
"v2.3.1","5390064","Wed Jun 19 12:01:51 2019 +0200","Throw exception for non primitive BCH polynomial.","Mathieu Léonardon","https://gitlab.com/aff3ct/aff3ct/-/jobs/234738484/artifacts/raw/builds/","aff3ct_development_linux_gcc_x64_sse4_2_5390064.zip;aff3ct_development_linux_gcc_x64_avx2_5390064.zip;aff3ct_development_windows_gcc_x86_sse4_2_5390064.zip;aff3ct_development_windows_gcc_x64_avx2_5390064.zip;aff3ct_development_macos_clang_x64_sse4_2_5390064.zip"
"v2.3.1","21abf82","Thu Jun 20 14:50:24 2019 +0200","Udate SonarQube URL.","Adrien Cassagne","https://gitlab.com/aff3ct/aff3ct/-/jobs/236235257/artifacts/raw/builds/","aff3ct_development_linux_gcc_x64_sse4_2_21abf82.zip;aff3ct_development_linux_gcc_x64_avx2_21abf82.zip;aff3ct_development_windows_gcc_x86_sse4_2_21abf82.zip;aff3ct_development_windows_gcc_x64_avx2_21abf82.zip;aff3ct_development_macos_clang_x64_sse4_2_21abf82.zip"
"v2.3.1","8c4b633","Fri Jun 28 11:49:50 2019 +0200","Add chain and BFER pics.","Adrien Cassagne","https://gitlab.com/aff3ct/aff3ct/-/jobs/241925193/artifacts/raw/builds/","aff3ct_development_linux_gcc_x64_sse4_2_8c4b633.zip;aff3ct_development_linux_gcc_x64_avx2_8c4b633.zip;aff3ct_development_windows_gcc_x86_sse4_2_8c4b633.zip;aff3ct_development_windows_gcc_x64_avx2_8c4b633.zip;aff3ct_development_macos_clang_x64_sse4_2_8c4b633.zip"
"v2.3.1","e86c6ff","Mon Jul 1 11:43:28 2019 +0200","Update README.md","Adrien Cassagne","https://gitlab.com/aff3ct/aff3ct/-/jobs/242983181/artifacts/raw/builds/","aff3ct_development_linux_gcc_x64_sse4_2_e86c6ff.zip;aff3ct_development_linux_gcc_x64_avx2_e86c6ff.zip;aff3ct_development_windows_gcc_x86_sse4_2_e86c6ff.zip;aff3ct_development_windows_gcc_x64_avx2_e86c6ff.zip;aff3ct_development_macos_clang_x64_sse4_2_e86c6ff.zip"
"v2.3.1","ebd6735","Tue Jul 2 14:08:27 2019 +0200","Doc: improve Visual Studio info.","Adrien Cassagne","https://gitlab.com/aff3ct/aff3ct/-/jobs/243990625/artifacts/raw/builds/","aff3ct_development_linux_gcc_x64_sse4_2_ebd6735.zip;aff3ct_development_linux_gcc_x64_avx2_ebd6735.zip;aff3ct_development_windows_gcc_x86_sse4_2_ebd6735.zip;aff3ct_development_windows_gcc_x64_avx2_ebd6735.zip;aff3ct_development_macos_clang_x64_sse4_2_ebd6735.zip"
"v2.3.2","c7decf7","Tue Jul 2 22:17:22 2019 +0200","Update 'conf' and 'refs' submodules.","Adrien Cassagne","https://gitlab.com/aff3ct/aff3ct/-/jobs/244492330/artifacts/raw/builds/","aff3ct_development_linux_gcc_x64_sse4_2_c7decf7.zip;aff3ct_development_linux_gcc_x64_avx2_c7decf7.zip;aff3ct_development_windows_gcc_x86_sse4_2_c7decf7.zip;aff3ct_development_windows_gcc_x64_avx2_c7decf7.zip;aff3ct_development_macos_clang_x64_sse4_2_c7decf7.zip"
"v2.3.2","5d3df47","Tue Jul 9 11:22:32 2019 +0200","Lighten artifacts for ppa_upload deploy stage.","Mathieu Léonardon","https://gitlab.com/aff3ct/aff3ct/-/jobs/248038737/artifacts/raw/builds/","aff3ct_development_linux_gcc_x64_sse4_2_5d3df47.zip;aff3ct_development_linux_gcc_x64_avx2_5d3df47.zip;aff3ct_development_windows_gcc_x86_sse4_2_5d3df47.zip;aff3ct_development_windows_gcc_x64_avx2_5d3df47.zip;aff3ct_development_macos_clang_x64_sse4_2_5d3df47.zip"
"v2.3.2","6eebe58","Tue Jul 9 14:52:55 2019 +0200","Fix ppa_upload job to be done only on gitla.com.","Mathieu Léonardon","https://gitlab.com/aff3ct/aff3ct/-/jobs/248073457/artifacts/raw/builds/","aff3ct_development_linux_gcc_x64_sse4_2_6eebe58.zip;aff3ct_development_linux_gcc_x64_avx2_6eebe58.zip;aff3ct_development_windows_gcc_x86_sse4_2_6eebe58.zip;aff3ct_development_windows_gcc_x64_avx2_6eebe58.zip;aff3ct_development_macos_clang_x64_sse4_2_6eebe58.zip"
"v2.3.2","7036dec","Wed Jul 10 11:44:38 2019 +0200","Update doc.","Mathieu Léonardon","https://gitlab.com/aff3ct/aff3ct/-/jobs/248741315/artifacts/raw/builds/","aff3ct_development_linux_gcc_x64_sse4_2_7036dec.zip;aff3ct_development_linux_gcc_x64_avx2_7036dec.zip;aff3ct_development_windows_gcc_x86_sse4_2_7036dec.zip;aff3ct_development_windows_gcc_x64_avx2_7036dec.zip;aff3ct_development_macos_clang_x64_sse4_2_7036dec.zip"
"v2.3.2","0458353","Wed Jul 10 22:25:20 2019 +0200","Fix ppa deploy.","Mathieu Léonardon","https://gitlab.com/aff3ct/aff3ct/-/jobs/249229310/artifacts/raw/builds/","aff3ct_development_linux_gcc_x64_sse4_2_0458353.zip;aff3ct_development_linux_gcc_x64_avx2_0458353.zip;aff3ct_development_windows_gcc_x86_sse4_2_0458353.zip;aff3ct_development_windows_gcc_x64_avx2_0458353.zip;aff3ct_development_macos_clang_x64_sse4_2_0458353.zip"
"v2.3.2","b4a089b","Thu Aug 1 08:37:09 2019 +0200","Doc: cosmetics.","Adrien Cassagne","https://gitlab.com/aff3ct/aff3ct/-/jobs/263708655/artifacts/raw/builds/","aff3ct_development_linux_gcc_x64_sse4_2_b4a089b.zip;aff3ct_development_linux_gcc_x64_avx2_b4a089b.zip;aff3ct_development_windows_gcc_x86_sse4_2_b4a089b.zip;aff3ct_development_windows_gcc_x64_avx2_b4a089b.zip;aff3ct_development_macos_clang_x64_sse4_2_b4a089b.zip"
"v2.3.2","6688e93","Thu Aug 1 16:59:53 2019 +0200","Doc: typos and rephrasing library section + convert PNG to SVG images.","Adrien Cassagne","https://gitlab.com/aff3ct/aff3ct/-/jobs/264081346/artifacts/raw/builds/","aff3ct_development_linux_gcc_x64_sse4_2_6688e93.zip;aff3ct_development_linux_gcc_x64_avx2_6688e93.zip;aff3ct_development_windows_gcc_x86_sse4_2_6688e93.zip;aff3ct_development_windows_gcc_x64_avx2_6688e93.zip;aff3ct_development_macos_clang_x64_sse4_2_6688e93.zip"
"v2.3.3","dd10e11","Fri Aug 2 10:23:33 2019 +0200","Doc: library typos and fix text.","Adrien Cassagne","https://gitlab.com/aff3ct/aff3ct/-/jobs/265766860/artifacts/raw/builds/","aff3ct_development_linux_gcc_x64_sse4_2_dd10e11.zip;aff3ct_development_linux_gcc_x64_avx2_dd10e11.zip;aff3ct_development_windows_gcc_x86_sse4_2_dd10e11.zip;aff3ct_development_windows_gcc_x64_avx2_dd10e11.zip;aff3ct_development_macos_clang_x64_sse4_2_dd10e11.zip"
"v2.3.3","91414a0","Tue Aug 27 13:41:37 2019 +0200","Add a warning message when the G or H matrix look like erroneous.","Adrien Cassagne","https://gitlab.com/aff3ct/aff3ct/-/jobs/281042121/artifacts/raw/builds/","aff3ct_development_linux_gcc_x64_sse4_2_91414a0.zip;aff3ct_development_linux_gcc_x64_avx2_91414a0.zip;aff3ct_development_windows_gcc_x86_sse4_2_91414a0.zip;aff3ct_development_windows_gcc_x64_avx2_91414a0.zip;aff3ct_development_macos_clang_x64_sse4_2_91414a0.zip"
"v2.3.3","01cf9a1","Wed Aug 28 11:50:50 2019 +0200","CI: remove fake dependencies.","Adrien Cassagne","https://gitlab.com/aff3ct/aff3ct/-/jobs/282154676/artifacts/raw/builds/","aff3ct_development_linux_gcc_x64_sse4_2_01cf9a1.zip;aff3ct_development_linux_gcc_x64_avx2_01cf9a1.zip;aff3ct_development_windows_gcc_x86_sse4_2_01cf9a1.zip;aff3ct_development_windows_gcc_x64_avx2_01cf9a1.zip;aff3ct_development_macos_clang_x64_sse4_2_01cf9a1.zip"
"v2.3.3","f661300","Tue Sep 3 11:43:20 2019 +0200","Add an exception when the path to the polar best channels is wrong.","Adrien Cassagne","https://gitlab.com/aff3ct/aff3ct/-/jobs/286212949/artifacts/raw/builds/","aff3ct_development_linux_gcc_x64_sse4_2_f661300.zip;aff3ct_development_linux_gcc_x64_avx2_f661300.zip;aff3ct_development_windows_gcc_x86_sse4_2_f661300.zip;aff3ct_development_windows_gcc_x64_avx2_f661300.zip;aff3ct_development_macos_clang_x64_sse4_2_f661300.zip"
"v2.3.3","befe31e","Fri Sep 6 14:31:59 2019 +0200","Replace relative by absolute header includes.","Adrien Cassagne","https://gitlab.com/aff3ct/aff3ct/-/jobs/289571550/artifacts/raw/builds/","aff3ct_development_linux_gcc_x64_sse4_2_befe31e.zip;aff3ct_development_linux_gcc_x64_avx2_befe31e.zip;aff3ct_development_windows_gcc_x86_sse4_2_befe31e.zip;aff3ct_development_windows_gcc_x64_avx2_befe31e.zip;aff3ct_development_macos_clang_x64_sse4_2_befe31e.zip"
"v2.3.3","aeff8f3","Tue Sep 10 11:29:41 2019 +0200","Fix wrong remaining relative header includes.","Adrien Cassagne","https://gitlab.com/aff3ct/aff3ct/-/jobs/291594299/artifacts/raw/builds/","aff3ct_development_linux_gcc_x64_sse4_2_aeff8f3.zip;aff3ct_development_linux_gcc_x64_avx2_aeff8f3.zip;aff3ct_development_windows_gcc_x86_sse4_2_aeff8f3.zip;aff3ct_development_windows_gcc_x64_avx2_aeff8f3.zip;aff3ct_development_macos_clang_x64_sse4_2_aeff8f3.zip"
"v2.3.3","47f62d2","Wed Sep 11 10:10:32 2019 +0200","Update doc with new package names.","Mathieu Léonardon","https://gitlab.com/aff3ct/aff3ct/-/jobs/293020781/artifacts/raw/builds/","aff3ct_development_linux_gcc_x64_sse4_2_47f62d2.zip;aff3ct_development_linux_gcc_x64_avx2_47f62d2.zip;aff3ct_development_windows_gcc_x86_sse4_2_47f62d2.zip;aff3ct_development_windows_gcc_x64_avx2_47f62d2.zip;aff3ct_development_macos_clang_x64_sse4_2_47f62d2.zip"
"v2.3.3","a46afa9","Thu Sep 19 10:37:07 2019 +0200","Merge branch 'development' into headers","Adrien Cassagne","https://gitlab.com/aff3ct/aff3ct/-/jobs/299069034/artifacts/raw/builds/","aff3ct_development_linux_gcc_x64_sse4_2_a46afa9.zip;aff3ct_development_linux_gcc_x64_avx2_a46afa9.zip;aff3ct_development_windows_gcc_x86_sse4_2_a46afa9.zip;aff3ct_development_windows_gcc_x64_avx2_a46afa9.zip;aff3ct_development_macos_clang_x64_sse4_2_a46afa9.zip"
"v2.3.4","6cc383f","Thu Sep 19 14:14:41 2019 +0200","Move C++11 enumerate converter from 'Module' to 'SC_Module'.","Adrien Cassagne","https://gitlab.com/aff3ct/aff3ct/-/jobs/300026912/artifacts/raw/builds/","aff3ct_development_linux_gcc_x64_sse4_2_6cc383f.zip;aff3ct_development_linux_gcc_x64_avx2_6cc383f.zip;aff3ct_development_windows_gcc_x86_sse4_2_6cc383f.zip;aff3ct_development_windows_gcc_x64_avx2_6cc383f.zip;aff3ct_development_macos_clang_x64_sse4_2_6cc383f.zip"
"v2.3.5","1ceddfc","Tue Sep 24 10:05:54 2019 +0200","Remove the outdated completion script.","Adrien Cassagne","https://gitlab.com/aff3ct/aff3ct/-/jobs/302245936/artifacts/raw/builds/","aff3ct_development_linux_gcc_x64_sse4_2_1ceddfc.zip;aff3ct_development_linux_gcc_x64_avx2_1ceddfc.zip;aff3ct_development_windows_gcc_x86_sse4_2_1ceddfc.zip;aff3ct_development_windows_gcc_x64_avx2_1ceddfc.zip;aff3ct_development_macos_clang_x64_sse4_2_1ceddfc.zip"
"v2.3.5","ff2d1e7","Tue Oct 1 16:05:10 2019 +0200","CI: add include directories to SonarQube + add clang static analyses.","Adrien Cassagne","https://gitlab.com/aff3ct/aff3ct/-/jobs/309030045/artifacts/raw/builds/","aff3ct_development_linux_gcc_x64_sse4_2_ff2d1e7.zip;aff3ct_development_linux_gcc_x64_avx2_ff2d1e7.zip;aff3ct_development_windows_gcc_x86_sse4_2_ff2d1e7.zip;aff3ct_development_windows_gcc_x64_avx2_ff2d1e7.zip;aff3ct_development_macos_clang_x64_sse4_2_ff2d1e7.zip"
"v2.3.5","6fd2daf","Thu Oct 10 18:11:43 2019 +0200","Make 'init' method protected in the 'Interleaver_core' class.","Adrien Cassagne","https://gitlab.com/aff3ct/aff3ct/-/jobs/318260163/artifacts/raw/builds/","aff3ct_development_linux_gcc_x64_sse4_2_6fd2daf.zip;aff3ct_development_linux_gcc_x64_avx2_6fd2daf.zip;aff3ct_development_windows_gcc_x86_sse4_2_6fd2daf.zip;aff3ct_development_windows_gcc_x64_avx2_6fd2daf.zip;aff3ct_development_macos_clang_x64_sse4_2_6fd2daf.zip"
"v2.3.5","28ffd42","Tue Oct 15 14:10:06 2019 +0200","Fix MSVC CMake error.","Adrien Cassagne","https://gitlab.com/aff3ct/aff3ct/-/jobs/321541006/artifacts/raw/builds/","aff3ct_development_linux_gcc_x64_sse4_2_28ffd42.zip;aff3ct_development_linux_gcc_x64_avx2_28ffd42.zip;aff3ct_development_windows_gcc_x86_sse4_2_28ffd42.zip;aff3ct_development_windows_gcc_x64_avx2_28ffd42.zip;aff3ct_development_macos_clang_x64_sse4_2_28ffd42.zip"
"v2.3.5","fd3eb23","Mon Oct 21 15:54:03 2019 +0200","CI: automatically update the Python modules with pip for the doc. gen.","Adrien Cassagne","https://gitlab.com/aff3ct/aff3ct/-/jobs/326811862/artifacts/raw/builds/","aff3ct_development_linux_gcc_x64_sse4_2_fd3eb23.zip;aff3ct_development_linux_gcc_x64_avx2_fd3eb23.zip;aff3ct_development_windows_gcc_x86_sse4_2_fd3eb23.zip;aff3ct_development_windows_gcc_x64_avx2_fd3eb23.zip;aff3ct_development_macos_clang_x64_sse4_2_fd3eb23.zip"
"v2.3.5","e691a02","Mon Oct 21 16:17:25 2019 +0200","CI: fix missing doc. in the builds.","Adrien Cassagne","https://gitlab.com/aff3ct/aff3ct/-/jobs/326859259/artifacts/raw/builds/","aff3ct_development_linux_gcc_x64_sse4_2_e691a02.zip;aff3ct_development_linux_gcc_x64_avx2_e691a02.zip;aff3ct_development_windows_gcc_x86_sse4_2_e691a02.zip;aff3ct_development_windows_gcc_x64_avx2_e691a02.zip;aff3ct_development_macos_clang_x64_sse4_2_e691a02.zip"
"v2.3.5","12105e4","Wed Oct 23 15:12:19 2019 +0200","Add getters in the codecs.","Adrien Cassagne","https://gitlab.com/aff3ct/aff3ct/-/jobs/330787464/artifacts/raw/builds/","aff3ct_development_linux_gcc_x64_sse4_2_12105e4.zip;aff3ct_development_linux_gcc_x64_avx2_12105e4.zip;aff3ct_development_windows_gcc_x86_sse4_2_12105e4.zip;aff3ct_development_windows_gcc_x64_avx2_12105e4.zip;aff3ct_development_macos_clang_x64_sse4_2_12105e4.zip"
"v2.3.5","999d32b","Fri Oct 25 14:33:32 2019 +0200","Speedup Gallager E (~x2) & factorize code with Gallager A.","Adrien Cassagne","https://gitlab.com/aff3ct/aff3ct/-/jobs/333241523/artifacts/raw/builds/","aff3ct_development_linux_gcc_x64_sse4_2_999d32b.zip;aff3ct_development_linux_gcc_x64_avx2_999d32b.zip;aff3ct_development_windows_gcc_x86_sse4_2_999d32b.zip;aff3ct_development_windows_gcc_x64_avx2_999d32b.zip;aff3ct_development_macos_clang_x64_sse4_2_999d32b.zip"
"v2.3.5","96427b0","Tue Oct 29 16:00:31 2019 +0100","Doc: update the factory library example accordingly to the code.","Adrien Cassagne","https://gitlab.com/aff3ct/aff3ct/-/jobs/336544405/artifacts/raw/builds/","aff3ct_development_linux_gcc_x64_sse4_2_96427b0.zip;aff3ct_development_linux_gcc_x64_avx2_96427b0.zip;aff3ct_development_windows_gcc_x86_sse4_2_96427b0.zip;aff3ct_development_windows_gcc_x64_avx2_96427b0.zip;aff3ct_development_macos_clang_x64_sse4_2_96427b0.zip"
"v2.3.5","089aaa2a","Wed Oct 30 13:09:48 2019 +0100","Skip 'AFF3CT_32BIT_PREC' definition in Doxygen.","Adrien Cassagne","https://gitlab.com/aff3ct/aff3ct/-/jobs/337259165/artifacts/raw/builds/","aff3ct_development_linux_gcc_x64_sse4_2_089aaa2a.zip;aff3ct_development_linux_gcc_x64_avx2_089aaa2a.zip;aff3ct_development_windows_gcc_x86_sse4_2_089aaa2a.zip;aff3ct_development_windows_gcc_x64_avx2_089aaa2a.zip;aff3ct_development_macos_clang_x64_sse4_2_089aaa2a.zip"
"v2.3.5","3df0e7b","Thu Oct 31 11:48:55 2019 +0100","Inline manually 'exec_fast' in 'exec' ('Task' class).","Adrien Cassagne","https://gitlab.com/aff3ct/aff3ct/-/jobs/338473129/artifacts/raw/builds/","aff3ct_development_linux_gcc_x64_sse4_2_3df0e7b.zip;aff3ct_development_linux_gcc_x64_avx2_3df0e7b.zip;aff3ct_development_windows_gcc_x86_sse4_2_3df0e7b.zip;aff3ct_development_windows_gcc_x64_avx2_3df0e7b.zip;aff3ct_development_macos_clang_x64_sse4_2_3df0e7b.zip"
"v2.3.5","c43a386","Thu Oct 31 14:01:31 2019 +0100","Up. cli.","Adrien Cassagne","https://gitlab.com/aff3ct/aff3ct/-/jobs/338509513/artifacts/raw/builds/","aff3ct_development_linux_gcc_x64_sse4_2_c43a386.zip;aff3ct_development_linux_gcc_x64_avx2_c43a386.zip;aff3ct_development_windows_gcc_x86_sse4_2_c43a386.zip;aff3ct_development_windows_gcc_x64_avx2_c43a386.zip;aff3ct_development_macos_clang_x64_sse4_2_c43a386.zip"
"v2.3.5","781fbf7","Mon Nov 4 09:18:55 2019 +0000","Merge branch 'binary_source_sink' of gitlab.inria.fr:fec/aff3ct into binary_source_sink","Mathieu Léonardon","https://gitlab.com/aff3ct/aff3ct/-/jobs/342093939/artifacts/raw/builds/","aff3ct_development_linux_gcc_x64_sse4_2_781fbf7.zip;aff3ct_development_linux_gcc_x64_avx2_781fbf7.zip;aff3ct_development_windows_gcc_x86_sse4_2_781fbf7.zip;aff3ct_development_windows_gcc_x64_avx2_781fbf7.zip;aff3ct_development_macos_clang_x64_sse4_2_781fbf7.zip"
"v2.3.5","c79bdd7","Fri Dec 6 10:09:11 2019 +0100","Fixing bug where the last two rows of Table B.9 from ETSI EN 302 307 V1.2.1 (2009-08) were not included","Ben Mathews","https://gitlab.com/aff3ct/aff3ct/-/jobs/371393349/artifacts/raw/builds/","aff3ct_development_linux_gcc_x64_sse4_2_c79bdd7.zip;aff3ct_development_linux_gcc_x64_avx2_c79bdd7.zip;aff3ct_development_windows_gcc_x86_sse4_2_c79bdd7.zip;aff3ct_development_windows_gcc_x64_avx2_c79bdd7.zip;aff3ct_development_macos_clang_x64_sse4_2_c79bdd7.zip"
"v2.3.5","121a3b8","Thu Dec 12 19:19:02 2019 +0100","Manual merge from development branch.","Adrien Cassagne","https://gitlab.com/aff3ct/aff3ct/-/jobs/378014412/artifacts/raw/builds/","aff3ct_development_linux_gcc_x64_sse4_2_121a3b8.zip;aff3ct_development_linux_gcc_x64_avx2_121a3b8.zip;aff3ct_development_windows_gcc_x86_sse4_2_121a3b8.zip;aff3ct_development_windows_gcc_x64_avx2_121a3b8.zip;aff3ct_development_macos_clang_x64_sse4_2_121a3b8.zip"
"v2.3.5","e0122b1","Sat Dec 14 13:49:57 2019 +0100","Doc: add the POLAR_MK type of code in the '--sim-cde-type' parameter.","Adrien Cassagne","https://gitlab.com/aff3ct/aff3ct/-/jobs/379465566/artifacts/raw/builds/","aff3ct_development_linux_gcc_x64_sse4_2_e0122b1.zip;aff3ct_development_linux_gcc_x64_avx2_e0122b1.zip;aff3ct_development_windows_gcc_x86_sse4_2_e0122b1.zip;aff3ct_development_windows_gcc_x64_avx2_e0122b1.zip;aff3ct_development_macos_clang_x64_sse4_2_e0122b1.zip"
"v2.3.5","941f0ba","Sun Dec 15 10:20:45 2019 +0100","Fix dead link to the library doc.","Adrien Cassagne","https://gitlab.com/aff3ct/aff3ct/-/jobs/379681961/artifacts/raw/builds/","aff3ct_development_linux_gcc_x64_sse4_2_941f0ba.zip;aff3ct_development_linux_gcc_x64_avx2_941f0ba.zip;aff3ct_development_windows_gcc_x86_sse4_2_941f0ba.zip;aff3ct_development_windows_gcc_x64_avx2_941f0ba.zip;aff3ct_development_macos_clang_x64_sse4_2_941f0ba.zip"
"v2.3.5","ad5c9a4","Sun Dec 15 17:46:53 2019 +0100","Merge branch 'development' into support_cli_uint64_t","Mathieu Léonardon","https://gitlab.com/aff3ct/aff3ct/-/jobs/379851025/artifacts/raw/builds/","aff3ct_development_linux_gcc_x64_sse4_2_ad5c9a4.zip;aff3ct_development_linux_gcc_x64_avx2_ad5c9a4.zip;aff3ct_development_windows_gcc_x86_sse4_2_ad5c9a4.zip;aff3ct_development_windows_gcc_x64_avx2_ad5c9a4.zip;aff3ct_development_macos_clang_x64_sse4_2_ad5c9a4.zip"
"v2.3.5","8bc72b5","Mon Dec 16 15:42:49 2019 +0100","Simplify the code to work with the MATLAB wrapper.","Adrien Cassagne","https://gitlab.com/aff3ct/aff3ct/-/jobs/381607583/artifacts/raw/builds/","aff3ct_development_linux_gcc_x64_sse4_2_8bc72b5.zip;aff3ct_development_linux_gcc_x64_avx2_8bc72b5.zip;aff3ct_development_windows_gcc_x86_sse4_2_8bc72b5.zip;aff3ct_development_windows_gcc_x64_avx2_8bc72b5.zip;aff3ct_development_macos_clang_x64_sse4_2_8bc72b5.zip"
"v2.3.5","9b3f968","Tue Dec 17 17:23:37 2019 +0100","CI: replace '&&' by 'and'...","Adrien Cassagne","https://gitlab.com/aff3ct/aff3ct/-/jobs/382250161/artifacts/raw/builds/","aff3ct_development_linux_gcc_x64_sse4_2_9b3f968.zip;aff3ct_development_linux_gcc_x64_avx2_9b3f968.zip;aff3ct_development_windows_gcc_x86_sse4_2_9b3f968.zip;aff3ct_development_windows_gcc_x64_avx2_9b3f968.zip;aff3ct_development_macos_clang_x64_sse4_2_9b3f968.zip"
"v2.3.5","da6f24b","Wed Dec 18 11:51:53 2019 +0100","Add a 'How to cite AFF3CT' section in the readme.","Adrien Cassagne","https://gitlab.com/aff3ct/aff3ct/-/jobs/383414546/artifacts/raw/builds/","aff3ct_development_linux_gcc_x64_sse4_2_da6f24b.zip;aff3ct_development_linux_gcc_x64_avx2_da6f24b.zip;aff3ct_development_windows_gcc_x86_sse4_2_da6f24b.zip;aff3ct_development_windows_gcc_x64_avx2_da6f24b.zip;aff3ct_development_macos_clang_x64_sse4_2_da6f24b.zip"
